invoice_no;customer_id;product_id;category;quantity;payment_method;invoice_date;shopping_mall;Kota Asal;;;;;;;;;;;;;;;;;
I227368;C147456;PRD00034;Clothing;2,00;Mandiri;8/10/2022 0.00.00;Tunjungan Plaza;Pasuruan;;;;;;;;;;;;;;;;;
I283492;C221830;PRD00035;Toys;1,00;Mandiri;28/09/2021;Royal Plaza;Lamongan;;;;;;;;;;;;;;;;;
I236127;C634747;PRD00036;Clothing;;BNI;12/10/2021;Gwalk;Surabaya;;;;;;;;;;;;;;;;;
I259412;C108986;PRD00037;Toys;4,00;BNI;29/03/2021;Pakuwon;Gresik;;;;;;;;;;;;;;;;;
I155577;C205202;PRD00038;Cosmetics;4,00;Mandiri;5/21/2021 0.00.00;Tunjungan Plaza;;;;;;;;;;;;;;;;;;
I311797;C160680;PRD00039;3,00;2,00;BNI;3/31/2022 0.00.00;Gwalk;Bangkalan;;;;;;;;;;;;;;;;;
I242848;C805973;PRD00040;2,00;3,00;Mandiri;3/27/2021 0.00.00;Royal Plaza;Mojokerto;;;;;;;;;;;;;;;;;
I448498;C246456;PRD00041;1,00;1,00;;7/23/2022 0.00.00;Tunjungan Plaza;Probolinggo;;;;;;;;;;;;;;;;;
I310335;C293191;PRD00042;Clothing;;BNI;3/8/2022 0.00.00;Pakuwon;Pasuruan;;;;;;;;;;;;;;;;;
I925190;C248510;PRD00043;Clothing;5,00;BNI;2/4/2021 0.00.00;Gwalk;Lamongan;;;;;;;;;;;;;;;;;
I777286;C102849;PRD00044;Cosmetics;2,00;Mandiri;1/24/2021 0.00.00;Royal Plaza;;;;;;;;;;;;;;;;;;
I126253;C732384;PRD00045;;5,00;BCA;2/2/2021 0.00.00;Tunjungan Plaza;8,00;;;;;;;;;;;;;;;;;
I287899;C121299;PRD00046;Clothing;5,00;Mandiri;5/16/2022 0.00.00;Gwalk;Sidoarjo;;;;;;;;;;;;;;;;;
I170920;C103741;PRD00047;Food & Beverage;3,00;BNI;12/17/2021 0.00.00;Pakuwon;Bangkalan;;;;;;;;;;;;;;;;;
I270096;C660491;PRD00048;Food & Beverage;;BNI;5/3/2022 0.00.00;Tunjungan Plaza;Mojokerto;;;;;;;;;;;;;;;;;
I557757;C323696;PRD00049;Food & Beverage;1,00;Mandiri;8/27/2021 0.00.00;Royal Plaza;Probolinggo;;;;;;;;;;;;;;;;;
I377607;C274788;PRD00050;Souvenir;5,00;Mandiri;1/11/2022 0.00.00;Gwalk;Pasuruan;;;;;;;;;;;;;;;;;
I256639;C158968;PRD00051;Cosmetics;4,00;;3/5/2023 0.00.00;Pakuwon;Lamongan;;;;;;;;;;;;;;;;;
I322886;C289495;PRD00052;Technology;3,00;BCA;1/7/2022 0.00.00;Tunjungan Plaza;Surabaya;;;;;;;;;;;;;;;;;
I248770;C646756;PRD00053;Clothing;1,00;BNI;8/19/2022 0.00.00;80;Gresik;;;;;;;;;;;;;;;;;
I128121;C193824;PRD00054;;4,00;BCA;1/17/2022 0.00.00;85;Sidoarjo;;;;;;;;;;;;;;;;;
I326712;C226996;PRD00055;;;BCA;5/5/2021 0.00.00;Tunjungan Plaza;Bangkalan;;;;;;;;;;;;;;;;;
I159865;C276008;PRD00056;;3,00;Mandiri;04/01/2022;Pakuwon;Mojokerto;;;;;;;;;;;;;;;;;
I234223;C282899;PRD00057;Cosmetics;4,00;Mandiri;26/10/2021;Gwalk;Probolinggo;;;;;;;;;;;;;;;;;
I616042;C323659;PRD00058;Food & Beverage;3,00;BNI;17/06/2022;Royal Plaza;Pasuruan;;;;;;;;;;;;;;;;;
I148642;C158270;PRD00059;Clothing;1,00;Mandiri;20/04/2021;Tunjungan Plaza;Lamongan;;;;;;;;;;;;;;;;;
I103072;C170969;PRD00033;Cosmetics;4,00;Mandiri;04/04/2022;Gwalk;Surabaya;;;;;;;;;;;;;;;;;
I497958;C170219;PRD00034;Souvenir;;BNI;25/02/2022;Pakuwon;Gresik;;;;;;;;;;;;;;;;;
I236668;C111026;PRD00035;Food & Beverage;3,00;Mandiri;06/05/2021;Tunjungan Plaza;Sidoarjo;;;;;;;;;;;;;;;;;
I836239;C760307;PRD00036;Cosmetics;4,00;Mandiri;13/11/2021;Royal Plaza;Bangkalan;;;;;;;;;;;;;;;;;
I249682;C183888;PRD00037;Clothing;3,00;BCA;03/08/2022;Gwalk;Mojokerto;;;;;;;;;;;;;;;;;
I140825;C144823;PRD00038;Cosmetics;2,00;BNI;04/02/2023;Pakuwon;Probolinggo;;;;;;;;;;;;;;;;;
I742965;C211277;PRD00039;3,00;3,00;Mandiri;27/08/2022;Tunjungan Plaza;Pasuruan;;;;;;;;;;;;;;;;;
I291579;C204782;PRD00040;2,00;1,00;Mandiri;31/10/2022;Gwalk;Lamongan;;;;;;;;;;;;;;;;;
I196493;C184882;PRD00041;3,00;4,00;BCA;27/03/2022;Royal Plaza;Surabaya;;;;;;;;;;;;;;;;;
I185316;C228532;PRD00042;1,00;1,00;BCA;30/05/2022;Tunjungan Plaza;Gresik;;;;;;;;;;;;;;;;;
I212235;C315826;PRD00043;Food & Beverage;1,00;Mandiri;20/01/2021;Pakuwon;Sidoarjo;;;;;;;;;;;;;;;;;
I219127;C339071;PRD00044;;1,00;;23/12/2022;Gwalk;Bangkalan;;;;;;;;;;;;;;;;;
I971862;C219304;PRD00045;Clothing;3,00;BCA;06/11/2022;Royal Plaza;Mojokerto;;;;;;;;;;;;;;;;;
I108180;C192474;PRD00046;Food & Beverage;;BNI;21/10/2022;Tunjungan Plaza;Probolinggo;;;;;;;;;;;;;;;;;
I321337;C398415;PRD00047;Clothing;2,00;Mandiri;23/11/2021;Gwalk;Pasuruan;;;;;;;;;;;;;;;;;
I274610;C391672;PRD00048;Souvenir;3,00;BCA;15/01/2022;Pakuwon;Lamongan;;;;;;;;;;;;;;;;;
I678477;C275887;PRD00049;Food & Beverage;3,00;BCA;06/06/2022;Tunjungan Plaza;Surabaya;;;;;;;;;;;;;;;;;
I326054;C198086;PRD00419;1,00;3,00;;02/09/2021;Royal Plaza;Gresik;;;;;;;;;;;;;;;;;
I284282;C822515;PRD00418;Clothing;2,00;BNI;10/07/2022;Gwalk;Sidoarjo;;;;;;;;;;;;;;;;;
I256046;C871318;PRD00419;;3,00;BCA;14/04/2022;Pakuwon;Bangkalan;;;;;;;;;;;;;;;;;
I486233;C199664;PRD00420;Clothing;3,00;BNI;14/03/2022;Tunjungan Plaza;Mojokerto;;;;;;;;;;;;;;;;;
I237899;C820137;PRD00421;Cosmetics;4,00;Mandiri;01/05/2021;Gwalk;Probolinggo;;;;;;;;;;;;;;;;;
I102481;C521673;PRD00422;Shoes;;BCA;22/04/2022;Royal Plaza;Pasuruan;;;;;;;;;;;;;;;;;
I198156;C149637;PRD00423;Food & Beverage;4,00;BNI;26/02/2023;Tunjungan Plaza;Lamongan;;;;;;;;;;;;;;;;;
I411189;C743273;PRD00424;Food & Beverage;3,00;BNI;08/02/2021;Pakuwon;Surabaya;;;;;;;;;;;;;;;;;
I528396;C130273;PRD00425;Clothing;1,00;BCA;21/11/2022;;Gresik;;;;;;;;;;;;;;;;;
I225178;C240389;PRD00426;Clothing;5,00;BNI;10/02/2021;Royal Plaza;Sidoarjo;;;;;;;;;;;;;;;;;
I103131;C470346;PRD00427;Toys;4,00;Mandiri;22/03/2022;Tunjungan Plaza;Bangkalan;;;;;;;;;;;;;;;;;
I179619;C423734;PRD00428;Toys;3,00;Mandiri;11/10/2022;Gwalk;Mojokerto;;;;;;;;;;;;;;;;;
I229909;C139077;PRD00429;Clothing;5,00;Mandiri;10/05/2022;Pakuwon;Probolinggo;;;;;;;;;;;;;;;;;
I472142;C842431;PRD00430;Shoes;1,00;Mandiri;04/08/2021;Tunjungan Plaza;Pasuruan;;;;;;;;;;;;;;;;;
I184289;C102301;PRD00431;Toys;2,00;Mandiri;18/09/2022;Royal Plaza;Lamongan;;;;;;;;;;;;;;;;;
I340111;C222159;PRD00432;Shoes;4,00;Mandiri;01/04/2022;Gwalk;Surabaya;;;;;;;;;;;;;;;;;
I244311;C204727;PRD00433;;1,00;BCA;11/03/2022;Pakuwon;Gresik;;;;;;;;;;;;;;;;;
I208028;C325158;PRD00434;Technology;5,00;BNI;03/03/2022;Tunjungan Plaza;Sidoarjo;;;;;;;;;;;;;;;;;
I201268;C649525;PRD00435;Souvenir;1,00;;31/05/2022;Gwalk;Bangkalan;;;;;;;;;;;;;;;;;
I406982;C283221;PRD00436;Clothing;2,00;Mandiri;23/01/2021;Royal Plaza;Mojokerto;;;;;;;;;;;;;;;;;
I259335;C153509;PRD00437;;2,00;BNI;17/02/2022;Tunjungan Plaza;Probolinggo;;;;;;;;;;;;;;;;;
I278596;C290548;PRD00438;Clothing;3,00;Mandiri;;Pakuwon;Pasuruan;;;;;;;;;;;;;;;;;
I156920;C133134;PRD00439;1,00;3,00;Mandiri;;Gwalk;Lamongan;;;;;;;;;;;;;;;;;
I189797;C245539;PRD00440;3,00;3,00;Mandiri;;Royal Plaza;Surabaya;;;;;;;;;;;;;;;;;
I283099;C110711;PRD00441;Food & Beverage;1,00;Mandiri;;Tunjungan Plaza;Gresik;;;;;;;;;;;;;;;;;
I108662;C141093;PRD00442;Cosmetics;3,00;BCA;16/09/2021;Gwalk;Sidoarjo;;;;;;;;;;;;;;;;;
I443008;C299644;PRD00443;Clothing;3,00;BNI;30/08/2021;Pakuwon;Bangkalan;;;;;;;;;;;;;;;;;
I756144;C141285;PRD00444;Clothing;2,00;BNI;29/11/2021;Tunjungan Plaza;Mojokerto;;;;;;;;;;;;;;;;;
I148225;C120095;PRD00445;;4,00;BNI;07/06/2021;Royal Plaza;Probolinggo;;;;;;;;;;;;;;;;;
I187159;C130462;PRD00446;Shoes;;;18/09/2021;Gwalk;Pasuruan;;;;;;;;;;;;;;;;;
I265543;C116092;PRD00447;Cosmetics;2,00;BNI;03/10/2022;Pakuwon;Lamongan;;;;;;;;;;;;;;;;;
I169324;C152098;PRD00448;Food & Beverage;3,00;BNI;14/03/2022;Tunjungan Plaza;Surabaya;;;;;;;;;;;;;;;;;
I186033;C766767;PRD00449;Books;5,00;BNI;12/01/2023;Gwalk;Gresik;;;;;;;;;;;;;;;;;
I307337;C322195;PRD00450;Shoes;3,00;Mandiri;25/02/2023;Royal Plaza;Sidoarjo;;;;;;;;;;;;;;;;;
I988233;C114713;PRD00451;;;BNI;01/11/2021;Tunjungan Plaza;Bangkalan;;;;;;;;;;;;;;;;;
I713320;C189364;PRD00452;Technology;1,00;Mandiri;23/11/2021;Pakuwon;Mojokerto;;;;;;;;;;;;;;;;;
I187305;C150584;PRD00453;Shoes;;Mandiri;12/03/2022;Gwalk;Probolinggo;;;;;;;;;;;;;;;;;
I193430;C275695;PRD00421;Clothing;4,00;BNI;12/05/2021;Royal Plaza;Pasuruan;;;;;;;;;;;;;;;;;
I202249;C614595;PRD00422;Souvenir;;BNI;30/10/2022;Tunjungan Plaza;Lamongan;;;;;;;;;;;;;;;;;
I910927;C300832;PRD00423;;3,00;BCA;16/01/2023;Gwalk;Surabaya;;;;;;;;;;;;;;;;;
I602106;C241238;PRD00424;Shoes;5,00;;26/08/2022;Pakuwon;Gresik;;;;;;;;;;;;;;;;;
I289972;C182162;PRD00425;;;Mandiri;26/11/2022;Tunjungan Plaza;Sidoarjo;;;;;;;;;;;;;;;;;
I109018;C328169;PRD00426;Toys;;BNI;09/07/2021;Royal Plaza;Bangkalan;;;;;;;;;;;;;;;;;
I333269;C121380;PRD00427;Shoes;3,00;BNI;26/05/2021;Gwalk;Mojokerto;;;;;;;;;;;;;;;;;
I586154;C788630;PRD00428;Food & Beverage;1,00;Mandiri;14/12/2021;Pakuwon;Probolinggo;;;;;;;;;;;;;;;;;
I264725;C143781;PRD00429;Toys;1,00;Mandiri;15/07/2022;Tunjungan Plaza;Pasuruan;;;;;;;;;;;;;;;;;
I291281;C285797;PRD00430;Technology;1,00;Mandiri;14/04/2022;Gwalk;Lamongan;;;;;;;;;;;;;;;;;
I144506;C174330;PRD00431;Clothing;4,00;BCA;16/01/2021;Royal Plaza;Surabaya;;;;;;;;;;;;;;;;;
I205315;C430942;PRD00432;Cosmetics;5,00;BNI;03/06/2022;Tunjungan Plaza;Gresik;;;;;;;;;;;;;;;;;
I211823;C270543;PRD00433;Clothing;;BCA;16/03/2021;Pakuwon;Sidoarjo;;;;;;;;;;;;;;;;;
I160370;C102275;PRD00434;Clothing;;BCA;07/02/2022;Gwalk;Bangkalan;;;;;;;;;;;;;;;;;
I526871;C841591;PRD00435;Food & Beverage;2,00;Mandiri;12/04/2021;Royal Plaza;Mojokerto;;;;;;;;;;;;;;;;;
I275001;C162681;PRD00436;Toys;4,00;;04/05/2022;Tunjungan Plaza;Probolinggo;;;;;;;;;;;;;;;;;
I129187;C716629;PRD00437;Cosmetics;2,00;BNI;06/08/2022;Gwalk;Pasuruan;;;;;;;;;;;;;;;;;
I292336;C512978;PRD00438;Clothing;4,00;BNI;09/05/2022;Pakuwon;Lamongan;;;;;;;;;;;;;;;;;
I122881;C289069;PRD00439;Cosmetics;5,00;Mandiri;22/05/2021;Tunjungan Plaza;Surabaya;;;;;;;;;;;;;;;;;
I240283;C812425;PRD00440;Shoes;4,00;BNI;10/01/2023;Royal Plaza;Gresik;;;;;;;;;;;;;;;;;
I204229;C200576;PRD00441;9,00;1,00;Mandiri;25/04/2022;Gwalk;Sidoarjo;;;;;;;;;;;;;;;;;
I110467;C155221;PRD00442;Clothing;1,00;Mandiri;08/10/2022;Pakuwon;Bangkalan;;;;;;;;;;;;;;;;;
I316054;C251062;PRD00443;Clothing;5,00;Mandiri;13/10/2022;Tunjungan Plaza;Pasuruan;;;;;;;;;;;;;;;;;
I203525;C335061;PRD00444;Clothing;;BNI;08/09/2022;Gwalk;Lamongan;;;;;;;;;;;;;;;;;
I186437;C283983;PRD00445;2,00;5,00;BCA;05/12/2022;Royal Plaza;Surabaya;;;;;;;;;;;;;;;;;
I136489;C315999;PRD00446;3,00;2,00;BNI;13/03/2022;Tunjungan Plaza;Gresik;;;;;;;;;;;;;;;;;
I125636;C987230;PRD00447;Books;;BCA;16/05/2021;Pakuwon;Sidoarjo;;;;;;;;;;;;;;;;;
I310984;C921649;PRD00421;Cosmetics;2,00;BCA;26/12/2021;Gwalk;Bangkalan;;;;;;;;;;;;;;;;;
I329288;C327823;PRD00422;Food & Beverage;3,00;BNI;12/05/2022;Royal Plaza;Mojokerto;;;;;;;;;;;;;;;;;
I278935;C203598;PRD00423;Toys;2,00;BNI;14/12/2022;Tunjungan Plaza;Probolinggo;;;;;;;;;;;;;;;;;
I243503;C224753;PRD00424;Toys;1,00;BNI;18/09/2021;Gwalk;Pasuruan;;;;;;;;;;;;;;;;;
I214040;C270797;PRD00425;Shoes;4,00;Mandiri;16/11/2022;Pakuwon;Lamongan;;;;;;;;;;;;;;;;;
I135338;C249974;PRD00426;Clothing;1,00;Mandiri;10-19-2022;Tunjungan Plaza;Surabaya;;;;;;;;;;;;;;;;;
I103926;C132495;PRD00427;Cosmetics;;BCA;08-17-2022;Royal Plaza;Gresik;;;;;;;;;;;;;;;;;
I200763;C304747;PRD00428;3,00;2,00;Mandiri;12-23-2021;Gwalk;Sidoarjo;;;;;;;;;;;;;;;;;
I210726;C266724;PRD00429;Technology;5,00;Mandiri;11-16-2021;Pakuwon;Bangkalan;;;;;;;;;;;;;;;;;
I140666;C494615;PRD00430;Food & Beverage;3,00;Mandiri;08-02-2021;Tunjungan Plaza;Mojokerto;;;;;;;;;;;;;;;;;
I328455;C252265;PRD00431;Technology;5,00;Mandiri;02-17-2021;Gwalk;Probolinggo;;;;;;;;;;;;;;;;;
I289097;C319806;PRD00432;Cosmetics;5,00;BNI;05-06-2021;Royal Plaza;Pasuruan;;;;;;;;;;;;;;;;;
I173201;C219548;PRD00433;4,00;4,00;BCA;10-03-2022;Tunjungan Plaza;Lamongan;;;;;;;;;;;;;;;;;
I203880;C184052;PRD00434;5,00;5,00;BNI;06-15-2021;Pakuwon;Surabaya;;;;;;;;;;;;;;;;;
I695490;C206253;PRD00435;Shoes;5,00;BNI;14/02/2021;Gwalk;Gresik;;;;;;;;;;;;;;;;;
I788206;C249725;PRD00436;Cosmetics;;BCA;21/02/2023;Royal Plaza;Sidoarjo;;;;;;;;;;;;;;;;;
I935474;C224881;PRD00437;Cosmetics;2,00;Mandiri;03/09/2022;Tunjungan Plaza;Bangkalan;;;;;;;;;;;;;;;;;
I308383;C321914;PRD00438;Cosmetics;3,00;Mandiri;20/09/2021;Gwalk;Mojokerto;;;;;;;;;;;;;;;;;
I335039;C209245;PRD00439;Souvenir;1,00;Mandiri;;Pakuwon;Probolinggo;;;;;;;;;;;;;;;;;
I375865;C130895;PRD00440;1,00;;BNI;;Tunjungan Plaza;Pasuruan;;;;;;;;;;;;;;;;;
I300065;C207573;PRD00441;Technology;4,00;Mandiri;;Royal Plaza;Lamongan;;;;;;;;;;;;;;;;;
I123471;C257469;PRD00442;Food & Beverage;5,00;BCA;25/03/2022;Gwalk;Surabaya;;;;;;;;;;;;;;;;;
I259780;C795627;PRD00443;Clothing;5,00;Mandiri;27/09/2021;Pakuwon;Gresik;;;;;;;;;;;;;;;;;
I276581;C194674;PRD00444;Cosmetics;1,00;BNI;14/11/2021;Tunjungan Plaza;Sidoarjo;;;;;;;;;;;;;;;;;
I187144;C774214;PRD00445;Toys;1,00;BNI;29/05/2022;Gwalk;Bangkalan;;;;;;;;;;;;;;;;;
I200005;C120804;PRD00446;Food & Beverage;1,00;Mandiri;09/03/2021;Royal Plaza;Mojokerto;;;;;;;;;;;;;;;;;
I246910;C156004;PRD00447;Books;2,00;Mandiri;12/02/2022;Tunjungan Plaza;Probolinggo;;;;;;;;;;;;;;;;;
I274783;C596756;PRD00508;Clothing;1,00;Mandiri;07/03/2022;Pakuwon;Pasuruan;;;;;;;;;;;;;;;;;
I258186;C251433;PRD00509;Toys;;Mandiri;05/02/2021;Gwalk;Lamongan;;;;;;;;;;;;;;;;;
I149861;C288298;PRD00510;Clothing;4,00;BCA;05/12/2022;Royal Plaza;Surabaya;;;;;;;;;;;;;;;;;
I678783;C148675;PRD00511;Food & Beverage;5,00;BNI;14/04/2021;Tunjungan Plaza;Gresik;;;;;;;;;;;;;;;;;
I283199;C270726;PRD00512;Clothing;5,00;BNI;04/10/2021;Gwalk;Sidoarjo;;;;;;;;;;;;;;;;;
I262240;C105474;PRD00513;Cosmetics;1,00;BNI;15/01/2023;Pakuwon;Bangkalan;;;;;;;;;;;;;;;;;
I255066;C829423;PRD00514;Shoes;2,00;BNI;07/06/2022;Tunjungan Plaza;Mojokerto;;;;;;;;;;;;;;;;;
I110699;C111251;PRD00515;Clothing;4,00;Mandiri;07/11/2022;Royal Plaza;Probolinggo;;;;;;;;;;;;;;;;;
I172592;C269506;PRD00516;Shoes;3,00;BCA;05/07/2021;Gwalk;Pasuruan;;;;;;;;;;;;;;;;;
I197048;C127041;PRD00517;Clothing;1,00;BNI;22/10/2022;Pakuwon;Lamongan;;;;;;;;;;;;;;;;;
I846448;C870412;PRD00518;Cosmetics;1,00;Mandiri;24/02/2023;Tunjungan Plaza;Surabaya;;;;;;;;;;;;;;;;;
I255738;C108367;PRD00519;Food & Beverage;3,00;BNI;12/04/2022;Gwalk;Gresik;;;;;;;;;;;;;;;;;
I309846;C191673;PRD00520;7,00;3,00;BNI;27/02/2021;Royal Plaza;;;;;;;;;;;;;;;;;;
I230210;C979970;PRD00521;Cosmetics;;BNI;31/03/2021;Tunjungan Plaza;;;;;;;;;;;;;;;;;;
I338832;C324708;PRD00522;Clothing;5,00;Mandiri;16/03/2021;Pakuwon;Mojokerto;;;;;;;;;;;;;;;;;
I701994;C289614;PRD00523;Food & Beverage;1,00;Mandiri;09/02/2023;Gwalk;Probolinggo;;;;;;;;;;;;;;;;;
I116064;C103877;PRD00524;Shoes;3,00;Mandiri;28/02/2021;Royal Plaza;Pasuruan;;;;;;;;;;;;;;;;;
I233553;C264659;PRD00525;3,00;3,00;BNI;26/03/2022;Tunjungan Plaza;Lamongan;;;;;;;;;;;;;;;;;
I334498;C108756;PRD00526;Cosmetics;3,00;BNI;;Gwalk;Surabaya;;;;;;;;;;;;;;;;;
I210221;C253975;PRD00527;Books;3,00;Mandiri;29/03/2021;Pakuwon;Gresik;;;;;;;;;;;;;;;;;
I107367;C773134;PRD00528;Clothing;3,00;BNI;;Tunjungan Plaza;Sidoarjo;;;;;;;;;;;;;;;;;
I240053;C433673;PRD00529;Cosmetics;1,00;Mandiri;22/05/2022;Royal Plaza;Bangkalan;;;;;;;;;;;;;;;;;
I198312;C271450;PRD00530;4,00;3,00;Mandiri;07/03/2022;Gwalk;Mojokerto;;;;;;;;;;;;;;;;;
I111670;C327098;PRD00531;Clothing;;BNI;30/07/2022;Pakuwon;Probolinggo;;;;;;;;;;;;;;;;;
I631073;C132270;PRD00532;Shoes;5,00;BNI;10/04/2021;Tunjungan Plaza;Pasuruan;;;;;;;;;;;;;;;;;
I304483;C193793;PRD00533;Toys;5,00;Mandiri;05/03/2022;Gwalk;Lamongan;;;;;;;;;;;;;;;;;
I110493;C320229;PRD00534;Books;2,00;BCA;20/04/2021;Royal Plaza;Surabaya;;;;;;;;;;;;;;;;;
I224918;C275631;PRD00535;Food & Beverage;5,00;Mandiri;01/11/2022;Tunjungan Plaza;Gresik;;;;;;;;;;;;;;;;;
I176867;C462416;PRD00536;Clothing;2,00;BNI;13/02/2023;Gwalk;Sidoarjo;;;;;;;;;;;;;;;;;
I225893;C245407;PRD00537;Souvenir;4,00;BNI;10/04/2021;Pakuwon;Bangkalan;;;;;;;;;;;;;;;;;
I462596;C269497;PRD00538;Food & Beverage;5,00;Mandiri;25/05/2022;Tunjungan Plaza;Mojokerto;;;;;;;;;;;;;;;;;
I990095;C190709;PRD00539;Shoes;2,00;Mandiri;26/12/2022;Gwalk;Probolinggo;;;;;;;;;;;;;;;;;
I112841;C291389;PRD00540;Clothing;;;19/05/2021;Royal Plaza;Pasuruan;;;;;;;;;;;;;;;;;
I177064;C593370;PRD00541;Food & Beverage;4,00;BCA;21/12/2022;Tunjungan Plaza;Lamongan;;;;;;;;;;;;;;;;;
I293058;C303552;PRD00542;Clothing;3,00;BNI;6/17/2021 0.00.00;Gwalk;Surabaya;;;;;;;;;;;;;;;;;
I714982;C747740;PRD00691;2,00;2,00;BCA;11/23/2022 0.00.00;Pakuwon;Gresik;;;;;;;;;;;;;;;;;
I259581;C791362;PRD00692;3,00;4,00;BCA;3/19/2021 0.00.00;Tunjungan Plaza;Sidoarjo;;;;;;;;;;;;;;;;;
I272468;C132400;PRD00693;Clothing;;Mandiri;8/30/2022 0.00.00;Gwalk;Bangkalan;;;;;;;;;;;;;;;;;
I773945;C677850;PRD00694;Cosmetics;4,00;Mandiri;12/12/2022 0.00.00;Royal Plaza;Mojokerto;;;;;;;;;;;;;;;;;
I488800;C263908;PRD00695;Food & Beverage;;BNI;10/11/2021 0.00.00;Tunjungan Plaza;Probolinggo;;;;;;;;;;;;;;;;;
I539167;C205165;PRD00696;4,00;3,00;Mandiri;12/16/2021 0.00.00;Gwalk;Pasuruan;;;;;;;;;;;;;;;;;
I614933;C290106;PRD00697;Clothing;1,00;Mandiri;5/5/2021 0.00.00;Pakuwon;Lamongan;;;;;;;;;;;;;;;;;
I307328;C174747;PRD00698;Clothing;1,00;BNI;5/14/2022 0.00.00;Tunjungan Plaza;Surabaya;;;;;;;;;;;;;;;;;
I195795;C191147;PRD00699;Food & Beverage;2,00;Mandiri;21/11/2022;Gwalk;Gresik;;;;;;;;;;;;;;;;;
I316501;C249906;PRD00700;Shoes;4,00;Mandiri;13/11/2022;Royal Plaza;Sidoarjo;;;;;;;;;;;;;;;;;
I105482;C129846;PRD00701;Clothing;5,00;BCA;17/08/2021;Tunjungan Plaza;Bangkalan;;;;;;;;;;;;;;;;;
I269076;C155333;PRD00702;Toys;1,00;BNI;20/08/2021;Gwalk;Mojokerto;;;;;;;;;;;;;;;;;
I235877;C272155;PRD00703;Toys;5,00;Mandiri;06/03/2021;Pakuwon;Probolinggo;;;;;;;;;;;;;;;;;
I323413;C266213;PRD00704;Clothing;;Mandiri;09/01/2022;Tunjungan Plaza;Pasuruan;;;;;;;;;;;;;;;;;
I404845;C622685;PRD00705;Books;1,00;BCA;09/04/2021;;Lamongan;;;;;;;;;;;;;;;;;
I249846;C832010;PRD00706;Food & Beverage;;BCA;17/02/2023;Royal Plaza;Surabaya;;;;;;;;;;;;;;;;;
I110354;C288597;PRD00707;Clothing;5,00;Mandiri;18/08/2022;Tunjungan Plaza;Gresik;;;;;;;;;;;;;;;;;
I175688;C259229;PRD00708;1,00;;;10/09/2022;Gwalk;Sidoarjo;;;;;;;;;;;;;;;;;
I467431;C724217;PRD00709;Toys;3,00;BCA;25/06/2021;Pakuwon;Bangkalan;;;;;;;;;;;;;;;;;
I175461;C913425;PRD00710;Food & Beverage;3,00;BNI;26/10/2022;Tunjungan Plaza;Mojokerto;;;;;;;;;;;;;;;;;
I157207;C255828;PRD00711;1,00;1,00;Mandiri;22/02/2022;Gwalk;4,00;;;;;;;;;;;;;;;;;
I193060;C219791;PRD00712;Toys;5,00;BCA;18/05/2022;Royal Plaza;Pasuruan;;;;;;;;;;;;;;;;;
I255430;C981925;PRD00713;Cosmetics;3,00;BCA;13/02/2023;Tunjungan Plaza;Lamongan;;;;;;;;;;;;;;;;;
I165932;C237757;PRD00714;Cosmetics;3,00;;04/03/2023;Gwalk;Surabaya;;;;;;;;;;;;;;;;;
I123656;C238083;PRD00715;Clothing;2,00;BNI;21/04/2022;Pakuwon;Gresik;;;;;;;;;;;;;;;;;
I338093;C306266;PRD00716;Clothing;4,00;BCA;27/07/2022;Tunjungan Plaza;Sidoarjo;;;;;;;;;;;;;;;;;
I543510;C199858;PRD00717;Technology;1,00;BNI;27/01/2022;Gwalk;Bangkalan;;;;;;;;;;;;;;;;;
I177444;C179915;PRD00718;Clothing;3,00;Mandiri;09/01/2023;Royal Plaza;Mojokerto;;;;;;;;;;;;;;;;;
I248527;C307014;PRD00719;Shoes;1,00;BCA;30/05/2021;Tunjungan Plaza;Probolinggo;;;;;;;;;;;;;;;;;
I103907;C280853;PRD00720;Clothing;4,00;BNI;04/10/2022;Gwalk;Pasuruan;;;;;;;;;;;;;;;;;
I109766;C106066;PRD00721;Food & Beverage;5,00;BNI;06/11/2022;Pakuwon;Lamongan;;;;;;;;;;;;;;;;;
I195981;C257683;PRD00722;Shoes;1,00;BCA;06/08/2021;Tunjungan Plaza;Surabaya;;;;;;;;;;;;;;;;;
I583553;C364009;PRD00723;Souvenir;3,00;BNI;24/11/2021;Gwalk;Gresik;;;;;;;;;;;;;;;;;
I225840;C325548;PRD00724;Food & Beverage;3,00;Mandiri;20/07/2021;Royal Plaza;Sidoarjo;;;;;;;;;;;;;;;;;
I478092;C606953;PRD00725;Souvenir;2,00;Mandiri;18/03/2021;Tunjungan Plaza;Bangkalan;;;;;;;;;;;;;;;;;
I107322;C920331;PRD00726;Clothing;2,00;Mandiri;21/10/2022;Gwalk;Mojokerto;;;;;;;;;;;;;;;;;
I307584;C140413;PRD00727;Cosmetics;1,00;Mandiri;24/06/2022;Pakuwon;Probolinggo;;;;;;;;;;;;;;;;;
I300522;C323469;PRD00728;Cosmetics;5,00;Mandiri;05/02/2022;Tunjungan Plaza;Pasuruan;;;;;;;;;;;;;;;;;
I335770;C336888;PRD00729;Cosmetics;1,00;Mandiri;08/10/2022;Gwalk;Lamongan;;;;;;;;;;;;;;;;;
I273054;C148034;PRD00730;Food & Beverage;;BCA;26/04/2021;Royal Plaza;Surabaya;;;;;;;;;;;;;;;;;
I226742;C724391;PRD00731;Clothing;3,00;BNI;12/03/2021;Tunjungan Plaza;Gresik;;;;;;;;;;;;;;;;;
I259039;C180485;PRD00732;Clothing;1,00;;19/02/2021;Gwalk;Sidoarjo;;;;;;;;;;;;;;;;;
I263787;C323464;PRD00872;1,00;4,00;Mandiri;14/10/2021;Pakuwon;Bangkalan;;;;;;;;;;;;;;;;;
I301307;C326699;PRD00873;Technology;5,00;BNI;30/05/2021;Tunjungan Plaza;Mojokerto;;;;;;;;;;;;;;;;;
I270709;C632826;PRD00874;Clothing;2,00;Mandiri;01/10/2021;Gwalk;Probolinggo;;;;;;;;;;;;;;;;;
I390879;C196337;PRD00875;Clothing;2,00;Mandiri;19/04/2022;Royal Plaza;Pasuruan;;;;;;;;;;;;;;;;;
I694304;C258995;PRD00876;Cosmetics;4,00;Mandiri;;Tunjungan Plaza;2,00;;;;;;;;;;;;;;;;;
I613571;C246847;PRD00877;Clothing;3,00;Mandiri;;Gwalk;;;;;;;;;;;;;;;;;;
I320883;C282894;PRD00878;Technology;4,00;BCA;;Pakuwon;Gresik;;;;;;;;;;;;;;;;;
I306290;C125304;PRD00879;Clothing;2,00;BNI;;Tunjungan Plaza;Sidoarjo;;;;;;;;;;;;;;;;;
I440435;C496516;PRD00880;1,00;5,00;BNI;02/09/2021;Gwalk;Bangkalan;;;;;;;;;;;;;;;;;
I321342;C831048;PRD00881;Clothing;1,00;BNI;02/03/2022;Royal Plaza;Mojokerto;;;;;;;;;;;;;;;;;
I273975;C208819;PRD00882;Cosmetics;5,00;;01/03/2021;Tunjungan Plaza;Probolinggo;;;;;;;;;;;;;;;;;
I337040;C804531;PRD00883;Food & Beverage;5,00;BNI;15/12/2022;Gwalk;Pasuruan;;;;;;;;;;;;;;;;;
I223697;C237182;PRD00994;Cosmetics;3,00;BNI;25/04/2021;Pakuwon;Lamongan;;;;;;;;;;;;;;;;;
I287998;C131599;PRD00995;Clothing;;BNI;24/02/2022;Tunjungan Plaza;Surabaya;;;;;;;;;;;;;;;;;
I117673;C191057;PRD00996;Food & Beverage;4,00;Mandiri;08/03/2022;Gwalk;Gresik;;;;;;;;;;;;;;;;;
I249964;C195284;PRD00997;Toys;3,00;BNI;25/12/2021;Royal Plaza;Sidoarjo;;;;;;;;;;;;;;;;;
I100760;C800785;PRD00998;Books;4,00;Mandiri;19/01/2021;Tunjungan Plaza;Bangkalan;;;;;;;;;;;;;;;;;
I234239;C236711;PRD00001   ;Shoes;5,00;Mandiri;03/06/2022;Gwalk;;;;;;;;;;;;;;;;;;
I125122;C118689;PRD00002;Shoes;4,00;BNI;19/07/2022;Pakuwon;Probolinggo;;;;;;;;;;;;;;;;;
I831550;C194063;PRD00003;Clothing;4,00;BNI;04/05/2021;Tunjungan Plaza;Pasuruan;;;;;;;;;;;;;;;;;
I898132;C210393;PRD00004;Clothing;;BCA;12/11/2021;Gwalk;Lamongan;;;;;;;;;;;;;;;;;
I144412;C261316;PRD00005;;1,00;;;Royal Plaza;Surabaya;;;;;;;;;;;;;;;;;
I264104;C177823;PRD00006;;4,00;Mandiri;;Tunjungan Plaza;Gresik;;;;;;;;;;;;;;;;;
I203031;C748439;PRD00007;Books;5,00;BNI;;Gwalk;Sidoarjo;;;;;;;;;;;;;;;;;
I147481;C245715;PRD00008;Food & Beverage;5,00;BNI;16/12/2021;Pakuwon;Bangkalan;;;;;;;;;;;;;;;;;
I293034;C220780;PRD00009;3,00;4,00;Mandiri;16/09/2021;Tunjungan Plaza;Mojokerto;;;;;;;;;;;;;;;;;
I252678;C126392;PRD00010;1,00;2,00;Mandiri;24/04/2021;Gwalk;Probolinggo;;;;;;;;;;;;;;;;;
I257579;C149849;PRD00977;4,00;;Mandiri;08/09/2021;Royal Plaza;Pasuruan;;;;;;;;;;;;;;;;;
I257208;C168310;PRD00978;1,00;3,00;BCA;15/06/2022;Tunjungan Plaza;Lamongan;;;;;;;;;;;;;;;;;
I255446;C126647;PRD00979;Shoes;5,00;BNI;17/02/2021;Gwalk;Surabaya;;;;;;;;;;;;;;;;;
I854848;C278752;PRD00980;Technology;3,00;BCA;06/05/2021;Pakuwon;Gresik;;;;;;;;;;;;;;;;;
I213167;C111668;PRD00981;Clothing;1,00;BCA;28/07/2021;Tunjungan Plaza;Sidoarjo;;;;;;;;;;;;;;;;;
I316677;C119364;PRD00982;Books;4,00;Mandiri;21/09/2022;Gwalk;Bangkalan;;;;;;;;;;;;;;;;;
I328733;C158114;PRD00983;Clothing;3,00;;07/08/2021;Royal Plaza;Mojokerto;;;;;;;;;;;;;;;;;
I127144;C195508;PRD00984;Souvenir;1,00;BNI;03/11/2022;Tunjungan Plaza;Probolinggo;;;;;;;;;;;;;;;;;
I125746;C317968;PRD00985;Toys;1,00;BNI;18/06/2022;Gwalk;Pasuruan;;;;;;;;;;;;;;;;;
I994913;C809683;PRD00986;Cosmetics;1,00;Mandiri;07/03/2022;Pakuwon;Lamongan;;;;;;;;;;;;;;;;;
I634948;C228735;PRD00987;Food & Beverage;3,00;BNI;03/09/2022;Tunjungan Plaza;Surabaya;;;;;;;;;;;;;;;;;
I269024;C278483;PRD00988;Clothing;1,00;Mandiri;12/08/2022;Gwalk;Gresik;;;;;;;;;;;;;;;;;
I264126;C158261;PRD00989;Food & Beverage;2,00;Mandiri;28/04/2022;Royal Plaza;Sidoarjo;;;;;;;;;;;;;;;;;
I140362;C102607;PRD00990;Technology;2,00;Mandiri;24/10/2021;Tunjungan Plaza;Bangkalan;;;;;;;;;;;;;;;;;
I617893;C808112;PRD00991;4,00;5,00;BNI;18/07/2022;Gwalk;Mojokerto;;;;;;;;;;;;;;;;;
I190439;C145982;PRD00992;5,00;3,00;BCA;24/06/2022;Pakuwon;Probolinggo;;;;;;;;;;;;;;;;;
I182480;C325166;PRD00993;Food & Beverage;5,00;BNI;24/05/2022;Tunjungan Plaza;Pasuruan;;;;;;;;;;;;;;;;;
I203099;C266175;PRD00028;Clothing;1,00;BCA;01/12/2021;Gwalk;Lamongan;;;;;;;;;;;;;;;;;
I740038;C213718;PRD00029;Clothing;;BCA;14/12/2022;Royal Plaza;Surabaya;;;;;;;;;;;;;;;;;
I215044;C184322;PRD00030;Cosmetics;1,00;BNI;19/01/2023;Tunjungan Plaza;Gresik;;;;;;;;;;;;;;;;;
I171352;C478668;PRD00031;Clothing;5,00;BNI;13/10/2021;Gwalk;Sidoarjo;;;;;;;;;;;;;;;;;
I340002;C331539;PRD00032;Cosmetics;2,00;BNI;12/12/2022;Pakuwon;Bangkalan;;;;;;;;;;;;;;;;;
I230886;C193813;PRD00033;Cosmetics;3,00;Mandiri;17/06/2022;Tunjungan Plaza;Mojokerto;;;;;;;;;;;;;;;;;
I133005;C716870;PRD00034;Food & Beverage;2,00;Mandiri;19/12/2021;Gwalk;Probolinggo;;;;;;;;;;;;;;;;;
I282711;C168973;PRD00035;Toys;3,00;BCA;07/06/2022;Royal Plaza;Pasuruan;;;;;;;;;;;;;;;;;
I150266;C297748;PRD00036;Toys;5,00;Mandiri;20/11/2022;Tunjungan Plaza;Lamongan;;;;;;;;;;;;;;;;;
I339115;C678680;PRD00037;Clothing;4,00;Mandiri;27/03/2021;Gwalk;Surabaya;;;;;;;;;;;;;;;;;
I185772;C119032;PRD00038;Food & Beverage;3,00;Mandiri;13/01/2022;Pakuwon;Gresik;;;;;;;;;;;;;;;;;
I122393;C134708;PRD00039;Cosmetics;;Mandiri;07/06/2022;Tunjungan Plaza;Sidoarjo;;;;;;;;;;;;;;;;;
I280459;C100299;PRD00040;1,00;1,00;BNI;23/09/2022;Gwalk;Bangkalan;;;;;;;;;;;;;;;;;
I912888;C214164;PRD00041;Toys;4,00;BCA;17/02/2021;Royal Plaza;Mojokerto;;;;;;;;;;;;;;;;;
I238472;C299327;PRD00042;Clothing;1,00;BNI;17/11/2021;Tunjungan Plaza;Probolinggo;;;;;;;;;;;;;;;;;
I581146;C333988;PRD00043;Clothing;5,00;BNI;11/12/2022;Gwalk;Pasuruan;;;;;;;;;;;;;;;;;
I151425;C110568;PRD00044;Clothing;5,00;BCA;12/05/2022;Pakuwon;Lamongan;;;;;;;;;;;;;;;;;
I252733;C132150;PRD00045;Books;5,00;Mandiri;17/05/2022;Tunjungan Plaza;Surabaya;;;;;;;;;;;;;;;;;
I176351;C224260;PRD00046;Clothing;2,00;Mandiri;20/02/2021;Gwalk;Gresik;;;;;;;;;;;;;;;;;
I221786;C314993;PRD00044;Clothing;4,00;Mandiri;15/04/2021;Royal Plaza;Sidoarjo;;;;;;;;;;;;;;;;;
I328774;C183588;PRD00045;Food & Beverage;1,00;BNI;26/06/2021;Tunjungan Plaza;Bangkalan;;;;;;;;;;;;;;;;;
I752293;C211763;PRD00046;;4,00;Mandiri;02/03/2023;Gwalk;Mojokerto;;;;;;;;;;;;;;;;;
I106866;C246898;PRD00047;;4,00;BCA;10/01/2022;Pakuwon;Probolinggo;;;;;;;;;;;;;;;;;
I286110;C281244;PRD00048;;4,00;Mandiri;11/12/2022;Tunjungan Plaza;Pasuruan;;;;;;;;;;;;;;;;;
I313265;C288863;PRD00049;;;BNI;17/01/2021;Gwalk;Lamongan;;;;;;;;;;;;;;;;;
I214882;C582997;PRD00050;Souvenir;2,00;BNI;07/08/2022;Royal Plaza;Surabaya;;;;;;;;;;;;;;;;;
I166473;C240916;PRD00051;Clothing;5,00;Mandiri;20/03/2022;Tunjungan Plaza;Gresik;;;;;;;;;;;;;;;;;
I178412;C108007;PRD00052;Shoes;5,00;Mandiri;23/11/2022;Gwalk;Sidoarjo;;;;;;;;;;;;;;;;;
I261248;C104963;PRD00053;Souvenir;1,00;Mandiri;26/02/2021;Pakuwon;Bangkalan;;;;;;;;;;;;;;;;;
I147152;C286640;PRD00054;Books;1,00;Mandiri;18/04/2021;Tunjungan Plaza;Mojokerto;;;;;;;;;;;;;;;;;
I531648;C156880;PRD00055;Clothing;3,00;;08/10/2022;Gwalk;Probolinggo;;;;;;;;;;;;;;;;;
I215582;C129686;PRD00056;Cosmetics;4,00;BNI;29/12/2021;Royal Plaza;Pasuruan;;;;;;;;;;;;;;;;;
I331938;C864800;PRD00057;Cosmetics;1,00;BNI;14/07/2022;Tunjungan Plaza;Lamongan;;;;;;;;;;;;;;;;;
I176706;C223982;PRD00058;Cosmetics;1,00;BNI;21/01/2021;Gwalk;Surabaya;;;;;;;;;;;;;;;;;
I306370;C158827;PRD00059;Shoes;4,00;BNI;19/01/2023;Pakuwon;Gresik;;;;;;;;;;;;;;;;;
I894668;C253252;PRD00033;Technology;1,00;Mandiri;12/09/2022;Tunjungan Plaza;Sidoarjo;;;;;;;;;;;;;;;;;
I163001;C592891;PRD00034;Cosmetics;3,00;BCA;19/06/2021;Gwalk;Bangkalan;;;;;;;;;;;;;;;;;
I216555;C287380;PRD00035;Clothing;1,00;BNI;15/05/2021;Royal Plaza;Mojokerto;;;;;;;;;;;;;;;;;
I247751;C897202;PRD00036;Clothing;3,00;Mandiri;04/11/2021;Tunjungan Plaza;Probolinggo;;;;;;;;;;;;;;;;;
I238537;C618494;PRD00044;Clothing;1,00;;05/05/2021;Gwalk;Pasuruan;;;;;;;;;;;;;;;;;
I128275;C228922;PRD00045;Clothing;2,00;;30/12/2021;Pakuwon;Lamongan;;;;;;;;;;;;;;;;;
I167097;C101074;PRD00046;Clothing;2,00;BNI;25/09/2021;Tunjungan Plaza;Surabaya;;;;;;;;;;;;;;;;;
I329721;C242798;PRD00047;3,00;4,00;Mandiri;01/09/2022;Gwalk;Gresik;;;;;;;;;;;;;;;;;
I145120;C293612;PRD00048;Clothing;;Mandiri;04/02/2023;Gwalk;Sidoarjo;;;;;;;;;;;;;;;;;
I339998;C299567;PRD00049;Food & Beverage;3,00;Mandiri;17/11/2022;Pakuwon;Bangkalan;;;;;;;;;;;;;;;;;
I101862;C352919;PRD00050;Shoes;2,00;Mandiri;02/12/2022;Tunjungan Plaza;Mojokerto;;;;;;;;;;;;;;;;;
I292866;C152959;PRD00051;Clothing;2,00;Mandiri;06/08/2021;Gwalk;Probolinggo;;;;;;;;;;;;;;;;;
I244481;C104690;PRD00052;Clothing;3,00;Mandiri;12/03/2022;Royal Plaza;Pasuruan;;;;;;;;;;;;;;;;;
I399156;C285884;PRD00053;3,00;1,00;Mandiri;14/09/2022;Tunjungan Plaza;Lamongan;;;;;;;;;;;;;;;;;
I998832;C257559;PRD00054;3,00;2,00;Mandiri;21/02/2021;Gwalk;Surabaya;;;;;;;;;;;;;;;;;
I228888;C261635;PRD00055;;;Mandiri;18/12/2022;Pakuwon;Gresik;;;;;;;;;;;;;;;;;
I304606;C316806;PRD00056;;4,00;BNI;07/03/2023;Tunjungan Plaza;Sidoarjo;;;;;;;;;;;;;;;;;
I287543;C272133;PRD00057;Clothing;5,00;Mandiri;06/04/2021;Gwalk;Bangkalan;;;;;;;;;;;;;;;;;
I181621;C112446;PRD00058;Books;3,00;Mandiri;03/03/2022;Royal Plaza;Mojokerto;;;;;;;;;;;;;;;;;
I282516;C666466;PRD00059;Books;3,00;BNI;10/08/2022;Tunjungan Plaza;Probolinggo;;;;;;;;;;;;;;;;;
I182260;C116531;PRD00033;Food & Beverage;1,00;BNI;18/04/2021;Gwalk;Pasuruan;;;;;;;;;;;;;;;;;
I139323;C171015;PRD00034;Cosmetics;1,00;Mandiri;03/09/2022;Pakuwon;Lamongan;;;;;;;;;;;;;;;;;
I339366;C480735;PRD00035;Clothing;5,00;BNI;08/06/2021;Tunjungan Plaza;Surabaya;;;;;;;;;;;;;;;;;
I192802;C290819;PRD00036;Clothing;2,00;BCA;25/03/2022;Gwalk;Gresik;;;;;;;;;;;;;;;;;
I137934;C202988;PRD00442;Food & Beverage;3,00;BNI;25/04/2022;Royal Plaza;Sidoarjo;;;;;;;;;;;;;;;;;
I322245;C306346;PRD00443;Toys;4,00;Mandiri;05/06/2021;Tunjungan Plaza;Bangkalan;;;;;;;;;;;;;;;;;
I317066;C127551;PRD00444;1,00;1,00;BNI;04/01/2022;Gwalk;Mojokerto;;;;;;;;;;;;;;;;;
I907323;C794449;PRD00445;4,00;3,00;BNI;06/09/2021;Pakuwon;Probolinggo;;;;;;;;;;;;;;;;;
I337976;C335131;PRD00433;Food & Beverage;1,00;Mandiri;26/10/2021;Tunjungan Plaza;Pasuruan;;;;;;;;;;;;;;;;;
I174237;C289650;PRD00434;Cosmetics;1,00;Mandiri;12/02/2023;Gwalk;Lamongan;;;;;;;;;;;;;;;;;
I231403;C230619;PRD00435;Cosmetics;5,00;Mandiri;06/02/2023;Royal Plaza;Surabaya;;;;;;;;;;;;;;;;;
I115471;C832397;PRD00436;Clothing;5,00;BCA;06/11/2021;Tunjungan Plaza;Gresik;;;;;;;;;;;;;;;;;
I592836;C277384;PRD00437;Cosmetics;;;18/06/2022;Gwalk;Sidoarjo;;;;;;;;;;;;;;;;;
I317840;C296318;PRD00438;Clothing;2,00;BNI;;Pakuwon;Bangkalan;;;;;;;;;;;;;;;;;
I153468;C813874;PRD00439;Clothing;3,00;Mandiri;;Tunjungan Plaza;Mojokerto;;;;;;;;;;;;;;;;;
I120560;C291970;PRD00440;1,00;;BNI;28/12/2022;Gwalk;Probolinggo;;;;;;;;;;;;;;;;;
I208105;C524507;PRD00441;Clothing;3,00;Mandiri;26/10/2021;Royal Plaza;Pasuruan;;;;;;;;;;;;;;;;;
I565725;C230270;PRD00442;Shoes;3,00;Mandiri;24/06/2021;Tunjungan Plaza;Lamongan;;;;;;;;;;;;;;;;;
I858783;C307870;PRD00443;Shoes;3,00;Mandiri;02/02/2022;Gwalk;Surabaya;;;;;;;;;;;;;;;;;
I168315;C294623;PRD00444;Shoes;;BNI;16/06/2021;Pakuwon;Gresik;;;;;;;;;;;;;;;;;
I146548;C205178;PRD00445;Clothing;4,00;Mandiri;19/07/2022;Tunjungan Plaza;Sidoarjo;;;;;;;;;;;;;;;;;
I115242;C264585;PRD00446;Clothing;4,00;;01/11/2022;Gwalk;Bangkalan;;;;;;;;;;;;;;;;;
I761759;C145059;PRD00447;Toys;;BCA;06/09/2021;Royal Plaza;Mojokerto;;;;;;;;;;;;;;;;;
I278595;C158616;PRD00448;Food & Beverage;3,00;BNI;09/06/2021;Tunjungan Plaza;;;;;;;;;;;;;;;;;;
I230790;C955218;PRD00449;Clothing;3,00;;06/02/2022;Gwalk;Pasuruan;;;;;;;;;;;;;;;;;
I187777;C710954;PRD00450;4,00;3,00;BNI;30/04/2021;Pakuwon;Lamongan;;;;;;;;;;;;;;;;;
I204421;C947516;PRD00451;5,00;;BCA;15/11/2021;Tunjungan Plaza;Surabaya;;;;;;;;;;;;;;;;;
I186346;C305734;PRD00452;Shoes;2,00;BNI;21/01/2021;Gwalk;;;;;;;;;;;;;;;;;;
I214442;C539840;PRD00453;Cosmetics;3,00;BCA;15/07/2021;Royal Plaza;Sidoarjo;;;;;;;;;;;;;;;;;
I271973;C251005;PRD00421;Clothing;5,00;BCA;18/08/2021;Tunjungan Plaza;Bangkalan;;;;;;;;;;;;;;;;;
I168925;C136395;PRD00422;Technology;3,00;BCA;01/05/2022;Gwalk;Mojokerto;;;;;;;;;;;;;;;;;
I124379;C898202;PRD00423;Books;3,00;BNI;15/10/2021;Pakuwon;Probolinggo;;;;;;;;;;;;;;;;;
I221646;C320598;PRD00424;Clothing;;Mandiri;15/02/2021;Tunjungan Plaza;Pasuruan;;;;;;;;;;;;;;;;;
I209913;C339508;PRD00425;Books;2,00;BCA;28/09/2022;Gwalk;Lamongan;;;;;;;;;;;;;;;;;
I110823;C334518;PRD00941;Clothing;1,00;BCA;03/04/2022;Royal Plaza;Surabaya;;;;;;;;;;;;;;;;;
I241386;C307477;PRD00942;Clothing;2,00;Mandiri;29/03/2021;Tunjungan Plaza;Gresik;;;;;;;;;;;;;;;;;
I113342;C238833;PRD00943;Clothing;4,00;BNI;31/01/2022;Gwalk;Sidoarjo;;;;;;;;;;;;;;;;;
I189839;C135301;PRD00944;Food & Beverage;;Mandiri;24/12/2022;Pakuwon;Bangkalan;;;;;;;;;;;;;;;;;
I288734;C993876;PRD00945;Clothing;4,00;Mandiri;07/03/2023;Tunjungan Plaza;Mojokerto;;;;;;;;;;;;;;;;;
I241628;C512698;PRD00946;Cosmetics;3,00;Mandiri;;Gwalk;Probolinggo;;;;;;;;;;;;;;;;;
I312437;C618730;PRD00947;Clothing;5,00;Mandiri;;Royal Plaza;Pasuruan;;;;;;;;;;;;;;;;;
I206043;C187608;PRD00948;Clothing;1,00;BNI;;Tunjungan Plaza;Lamongan;;;;;;;;;;;;;;;;;
I448589;C955533;PRD00949;Cosmetics;;Mandiri;26/02/2022;Gwalk;Surabaya;;;;;;;;;;;;;;;;;
I225004;C195673;PRD00950;Food & Beverage;3,00;BNI;06/06/2021;Pakuwon;Gresik;;;;;;;;;;;;;;;;;
I295604;C327796;PRD00951;;3,00;BNI;07/06/2021;Tunjungan Plaza;Sidoarjo;;;;;;;;;;;;;;;;;
I233412;C524469;PRD00952;;1,00;BCA;08/05/2021;Gwalk;Bangkalan;;;;;;;;;;;;;;;;;
I246405;C105429;PRD00953;;1,00;Mandiri;04/08/2021;Royal Plaza;Mojokerto;;;;;;;;;;;;;;;;;
I330145;C304866;PRD00954;;;BNI;16/09/2021;Tunjungan Plaza;Probolinggo;;;;;;;;;;;;;;;;;
I730781;C304326;PRD00955;;5,00;Mandiri;31/03/2022;Gwalk;Pasuruan;;;;;;;;;;;;;;;;;
I258797;C773181;PRD00956;Souvenir;5,00;BNI;14/08/2022;Pakuwon;Lamongan;;;;;;;;;;;;;;;;;
I140019;C467287;PRD00957;Shoes;4,00;BCA;16/09/2021;Tunjungan Plaza;Surabaya;;;;;;;;;;;;;;;;;
I299140;C339114;PRD00958;Shoes;5,00;Mandiri;28/06/2022;Gwalk;Gresik;;;;;;;;;;;;;;;;;
I145354;C299514;PRD00959;Clothing;5,00;BNI;29/12/2021;Royal Plaza;Sidoarjo;;;;;;;;;;;;;;;;;
I212471;C163011;PRD00960;Cosmetics;1,00;Mandiri;24/07/2022;Tunjungan Plaza;Bangkalan;;;;;;;;;;;;;;;;;
I980023;C120118;PRD00961;1,00;5,00;Mandiri;20/01/2023;Gwalk;Mojokerto;;;;;;;;;;;;;;;;;
I179118;C157064;PRD00962;Souvenir;5,00;BNI;27/04/2021;Pakuwon;Probolinggo;;;;;;;;;;;;;;;;;
I242660;C670293;PRD00963;Food & Beverage;5,00;Mandiri;21/04/2021;Tunjungan Plaza;Pasuruan;;;;;;;;;;;;;;;;;
I488609;C210060;PRD00964;Shoes;3,00;BNI;17/02/2022;Gwalk;Lamongan;;;;;;;;;;;;;;;;;
I184493;C254397;PRD00965;Technology;4,00;Mandiri;01/10/2022;Royal Plaza;Surabaya;;;;;;;;;;;;;;;;;
I178572;C287355;PRD00966;Food & Beverage;1,00;BNI;06/05/2021;Tunjungan Plaza;Gresik;;;;;;;;;;;;;;;;;
I275274;C175467;PRD00967;Souvenir;;Mandiri;22/10/2022;Gwalk;Sidoarjo;;;;;;;;;;;;;;;;;
I266960;C109885;PRD00968;Souvenir;5,00;BCA;10/05/2022;Pakuwon;Bangkalan;;;;;;;;;;;;;;;;;
I282582;C119723;PRD00001   ;Toys;5,00;;07/06/2021;Tunjungan Plaza;Mojokerto;;;;;;;;;;;;;;;;;
I225839;C838257;PRD00002;4,00;2,00;Mandiri;28/12/2022;Gwalk;Probolinggo;;;;;;;;;;;;;;;;;
I756230;C846690;PRD00003;5,00;3,00;BNI;26/12/2021;Royal Plaza;Pasuruan;;;;;;;;;;;;;;;;;
I339525;C185502;PRD00004;Clothing;5,00;Mandiri;22/08/2021;Tunjungan Plaza;Lamongan;;;;;;;;;;;;;;;;;
I232626;C176854;PRD00005;Cosmetics;3,00;Mandiri;20/02/2021;;Surabaya;;;;;;;;;;;;;;;;;
I291779;C184727;PRD00006;Clothing;2,00;Mandiri;21/10/2021;Pakuwon;Gresik;;;;;;;;;;;;;;;;;
I224157;C551975;PRD00007;Cosmetics;3,00;BCA;22/03/2022;Tunjungan Plaza;Sidoarjo;;;;;;;;;;;;;;;;;
I245816;C310676;PRD00008;Clothing;5,00;Mandiri;19/01/2023;Gwalk;1,00;;;;;;;;;;;;;;;;;
I907658;C107258;PRD00009;Shoes;1,00;Mandiri;26/04/2022;Royal Plaza;Mojokerto;;;;;;;;;;;;;;;;;
I317125;C845711;PRD00010;Books;;BNI;30/01/2023;Tunjungan Plaza;Probolinggo;;;;;;;;;;;;;;;;;
I145770;C709824;PRD00977;Technology;4,00;BNI;06/01/2023;Gwalk;Pasuruan;;;;;;;;;;;;;;;;;
I252778;C339202;PRD00978;Shoes;1,00;BNI;12/07/2022;Pakuwon;Lamongan;;;;;;;;;;;;;;;;;
I364470;C162162;PRD00979;Shoes;2,00;BCA;24/01/2023;Tunjungan Plaza;Surabaya;;;;;;;;;;;;;;;;;
I592896;C108465;PRD00980;Clothing;4,00;BNI;05/02/2021;;Gresik;;;;;;;;;;;;;;;;;
I639644;C682985;PRD00981;Clothing;2,00;Mandiri;23/07/2022;Royal Plaza;Sidoarjo;;;;;;;;;;;;;;;;;
I148485;C309367;PRD00982;Food & Beverage;1,00;BNI;15/02/2021;Tunjungan Plaza;Bangkalan;;;;;;;;;;;;;;;;;
I271886;C218573;PRD00983;Cosmetics;2,00;5,00;14/05/2022;Gwalk;Mojokerto;;;;;;;;;;;;;;;;;
I185724;C175732;PRD00984;Toys;1,00;Mandiri;27/04/2021;Pakuwon;Probolinggo;;;;;;;;;;;;;;;;;
I623959;C103461;PRD00985;Cosmetics;2,00;Mandiri;09/09/2021;Tunjungan Plaza;Pasuruan;;;;;;;;;;;;;;;;;
I222357;C249679;PRD00986;Souvenir;1,00;BNI;15/08/2022;Gwalk;Lamongan;;;;;;;;;;;;;;;;;
I148614;C178845;PRD00987;;;BCA;17/04/2021;Royal Plaza;Surabaya;;;;;;;;;;;;;;;;;
I813784;C177475;PRD00988;;2,00;BCA;27/08/2022;Tunjungan Plaza;Gresik;;;;;;;;;;;;;;;;;
I211758;C267852;PRD00001   ;;1,00;Mandiri;21/02/2022;Gwalk;Sidoarjo;;;;;;;;;;;;;;;;;
I270546;C194974;PRD00002;Cosmetics;4,00;Mandiri;14/06/2022;Pakuwon;Bangkalan;;;;;;;;;;;;;;;;;
I891663;C128277;PRD00003;Cosmetics;5,00;2,00;24/12/2022;Tunjungan Plaza;1,00;;;;;;;;;;;;;;;;;
I162663;C502572;PRD00004;Shoes;3,00;BCA;03/01/2022;Gwalk;Probolinggo;;;;;;;;;;;;;;;;;
I252732;C337111;PRD00005;Technology;1,00;Mandiri;03/12/2022;Royal Plaza;Pasuruan;;;;;;;;;;;;;;;;;
I823227;C243037;PRD00006;Clothing;4,00;Mandiri;27/05/2022;Tunjungan Plaza;Lamongan;;;;;;;;;;;;;;;;;
I185731;C334686;PRD00007;Clothing;1,00;BNI;10/03/2022;Gwalk;Surabaya;;;;;;;;;;;;;;;;;
I309813;C265568;PRD00008;Food & Beverage;2,00;Mandiri;19/12/2021;Pakuwon;Gresik;;;;;;;;;;;;;;;;;
I255891;C335904;PRD00009;Technology;;Mandiri;03/04/2022;Tunjungan Plaza;Sidoarjo;;;;;;;;;;;;;;;;;
I144011;C119157;PRD00010;Cosmetics;4,00;BCA;05/03/2021;Gwalk;Bangkalan;;;;;;;;;;;;;;;;;
I291710;C559217;PRD00011;Clothing;2,00;BCA;03/10/2022;Royal Plaza;Mojokerto;;;;;;;;;;;;;;;;;
I163500;C280866;PRD00012;Shoes;5,00;BNI;7/30/2022 0.00.00;Tunjungan Plaza;Probolinggo;;;;;;;;;;;;;;;;;
I107888;C574590;PRD00013;Clothing;3,00;BCA;2/8/2021 0.00.00;Gwalk;Pasuruan;;;;;;;;;;;;;;;;;
I977597;C919190;PRD00014;Cosmetics;1,00;BNI;12/5/2022 0.00.00;Pakuwon;Lamongan;;;;;;;;;;;;;;;;;
I283132;C185049;PRD00015;Clothing;2,00;BCA;3/2/2022 0.00.00;Tunjungan Plaza;Surabaya;;;;;;;;;;;;;;;;;
I637087;C295880;PRD00016;Clothing;5,00;Mandiri;2/12/2023 0.00.00;Gwalk;Gresik;;;;;;;;;;;;;;;;;
I335650;C245681;PRD00017;Clothing;5,00;Mandiri;1/30/2023 0.00.00;Royal Plaza;Sidoarjo;;;;;;;;;;;;;;;;;
I259858;C316015;PRD00018;Clothing;4,00;Mandiri;11/27/2021 0.00.00;Tunjungan Plaza;Bangkalan;;;;;;;;;;;;;;;;;
I214598;C111244;PRD00019;Cosmetics;1,00;BCA;3/2/2021 0.00.00;Gwalk;Mojokerto;;;;;;;;;;;;;;;;;
I309383;C716683;PRD00020;Cosmetics;;Mandiri;10/22/2021 0.00.00;Pakuwon;Probolinggo;;;;;;;;;;;;;;;;;
I228443;C201036;PRD00021;Clothing;4,00;BCA;7/21/2021 0.00.00;Tunjungan Plaza;Pasuruan;;;;;;;;;;;;;;;;;
I111221;C136714;PRD00022;1,00;5,00;Mandiri;02/02/2022;Gwalk;Lamongan;;;;;;;;;;;;;;;;;
I205645;C310969;PRD00023;Cosmetics;1,00;;13/06/2022;;Surabaya;;;;;;;;;;;;;;;;;
I296120;C750093;PRD00024;Clothing;2,00;BNI;10/02/2023;;Gresik;;;;;;;;;;;;;;;;;
I317106;C521028;PRD00025;Toys;3,00;Mandiri;27/09/2022;Gwalk;Sidoarjo;;;;;;;;;;;;;;;;;
I300868;C311482;PRD00026;Technology;;Mandiri;28/01/2021;Pakuwon;Bangkalan;;;;;;;;;;;;;;;;;
I254078;C122157;PRD00027;Shoes;3,00;BCA;28/05/2021;Tunjungan Plaza;Mojokerto;;;;;;;;;;;;;;;;;
I158508;C369937;PRD00028;Technology;3,00;;06/06/2022;Gwalk;Probolinggo;;;;;;;;;;;;;;;;;
I120038;C228472;PRD00029;Clothing;4,00;Mandiri;25/10/2021;Royal Plaza;Pasuruan;;;;;;;;;;;;;;;;;
I208560;C209723;PRD00030;Cosmetics;5,00;BNI;23/11/2021;Tunjungan Plaza;Lamongan;;;;;;;;;;;;;;;;;
I223532;C160421;PRD00031;Toys;5,00;BCA;22/09/2021;Gwalk;Surabaya;;;;;;;;;;;;;;;;;
I236697;C162397;PRD00032;Shoes;;Mandiri;24/02/2021;Pakuwon;Gresik;;;;;;;;;;;;;;;;;
I129022;C940481;PRD00033;Souvenir;2,00;Mandiri;29/04/2022;Tunjungan Plaza;Sidoarjo;;;;;;;;;;;;;;;;;
I312175;C314546;PRD00034;Cosmetics;3,00;Mandiri;06/11/2021;Gwalk;Bangkalan;;;;;;;;;;;;;;;;;
I780362;C271866;PRD00035;Cosmetics;1,00;BNI;12/06/2021;Royal Plaza;Mojokerto;;;;;;;;;;;;;;;;;
I311659;C164577;PRD00036;Food & Beverage;3,00;Mandiri;19/07/2022;Tunjungan Plaza;Probolinggo;;;;;;;;;;;;;;;;;
I279882;C240837;PRD00037;Cosmetics;5,00;Mandiri;03/06/2022;;Pasuruan;;;;;;;;;;;;;;;;;
I324650;C159771;PRD00038;Souvenir;1,00;Mandiri;20/08/2022;5,00;Lamongan;;;;;;;;;;;;;;;;;
I760012;C126598;PRD00039;Shoes;5,00;Mandiri;06/02/2022;Tunjungan Plaza;Surabaya;;;;;;;;;;;;;;;;;
I139536;C882358;PRD00040;Food & Beverage;2,00;BNI;09/11/2021;Gwalk;Gresik;;;;;;;;;;;;;;;;;
I500621;C189942;PRD00041;Books;4,00;Mandiri;20/02/2021;Royal Plaza;Sidoarjo;;;;;;;;;;;;;;;;;
I227528;C187110;PRD00042;Clothing;4,00;BNI;17/01/2023;Tunjungan Plaza;Bangkalan;;;;;;;;;;;;;;;;;
I165544;C388552;PRD00043;Food & Beverage;4,00;Mandiri;04/04/2021;Gwalk;Mojokerto;;;;;;;;;;;;;;;;;
I587552;C110267;PRD00044;Clothing;;BNI;25/03/2022;Pakuwon;Probolinggo;;;;;;;;;;;;;;;;;
I170036;C176312;PRD00045;Souvenir;3,00;BNI;17/08/2021;Tunjungan Plaza;Pasuruan;;;;;;;;;;;;;;;;;
I135321;C863183;PRD00046;Food & Beverage;1,00;BCA;8/5/2021 0.00.00;Gwalk;Lamongan;;;;;;;;;;;;;;;;;
I679052;C294679;PRD00047;Cosmetics;2,00;BCA;12/15/2021 0.00.00;Royal Plaza;Surabaya;;;;;;;;;;;;;;;;;
I292262;C539974;PRD00048;Souvenir;4,00;BNI;5/9/2022 0.00.00;Tunjungan Plaza;Gresik;;;;;;;;;;;;;;;;;
I419999;C317223;PRD00049;Food & Beverage;4,00;;8/5/2022 0.00.00;Gwalk;Sidoarjo;;;;;;;;;;;;;;;;;
I144681;C208844;PRD00050;Toys;;Mandiri;9/18/2022 0.00.00;Pakuwon;Bangkalan;;;;;;;;;;;;;;;;;
I252554;C130720;PRD00051;Cosmetics;2,00;BNI;8/19/2021 0.00.00;Tunjungan Plaza;Mojokerto;;;;;;;;;;;;;;;;;
I204623;C256755;PRD00052;Clothing;3,00;Mandiri;8/21/2022 0.00.00;Gwalk;Probolinggo;;;;;;;;;;;;;;;;;
I212186;C222250;PRD00053;Food & Beverage;3,00;BNI;2/15/2021 0.00.00;Royal Plaza;Pasuruan;;;;;;;;;;;;;;;;;
I435093;C461133;PRD00054;Food & Beverage;4,00;BNI;6/28/2021 0.00.00;Tunjungan Plaza;Lamongan;;;;;;;;;;;;;;;;;
I251648;C200881;PRD00055;Shoes;;BCA;5/29/2021 0.00.00;Gwalk;Surabaya;;;;;;;;;;;;;;;;;
I156107;C164916;PRD00056;Cosmetics;1,00;BNI;7/14/2021 0.00.00;Pakuwon;Gresik;;;;;;;;;;;;;;;;;
I160481;C143944;PRD00057;1,00;1,00;BNI;12/31/2021 0.00.00;Tunjungan Plaza;Sidoarjo;;;;;;;;;;;;;;;;;
I134879;C184428;PRD00058;Souvenir;5,00;BCA;9/3/2022 0.00.00;Gwalk;Bangkalan;;;;;;;;;;;;;;;;;
I139920;C229001;PRD00059;Food & Beverage;5,00;BCA;27/09/2022;Royal Plaza;Mojokerto;;;;;;;;;;;;;;;;;
I289344;C197522;PRD00060;Cosmetics;4,00;BNI;17/01/2023;Tunjungan Plaza;Probolinggo;;;;;;;;;;;;;;;;;
I281376;C299443;PRD00061;Shoes;4,00;BNI;07/10/2021;Gwalk;Pasuruan;;;;;;;;;;;;;;;;;
I169319;C151752;PRD00062;Books;4,00;Mandiri;03/06/2022;Pakuwon;Lamongan;;;;;;;;;;;;;;;;;
I328845;C582235;PRD00063;Technology;5,00;Mandiri;24/05/2021;Tunjungan Plaza;Surabaya;;;;;;;;;;;;;;;;;
I228840;C128660;PRD00064;Clothing;2,00;Mandiri;05/03/2023;Tunjungan Plaza;Gresik;;;;;;;;;;;;;;;;;
I227550;C212483;PRD00065;Toys;5,00;BCA;12/12/2022;Gwalk;Sidoarjo;;;;;;;;;;;;;;;;;
I223232;C523660;PRD00066;Clothing;;BNI;25/08/2022;Pakuwon;Bangkalan;;;;;;;;;;;;;;;;;
I161152;C432354;PRD00067;1,00;2,00;BCA;11/02/2021;Tunjungan Plaza;Mojokerto;;;;;;;;;;;;;;;;;
I395632;C183706;PRD00068;Toys;2,00;Mandiri;;Gwalk;Probolinggo;;;;;;;;;;;;;;;;;
I201969;C211766;PRD00069;Food & Beverage;5,00;BNI;;Royal Plaza;Pasuruan;;;;;;;;;;;;;;;;;
I271715;C271297;PRD00070;Clothing;5,00;BCA;;Tunjungan Plaza;Lamongan;;;;;;;;;;;;;;;;;
I682326;C307855;PRD00071;Technology;5,00;BCA;25/10/2021;Gwalk;Surabaya;;;;;;;;;;;;;;;;;
I175726;C130682;PRD00072;Clothing;2,00;BNI;16/07/2021;Pakuwon;Gresik;;;;;;;;;;;;;;;;;
I885734;C105423;PRD00073;Clothing;;BCA;26/10/2021;Tunjungan Plaza;Sidoarjo;;;;;;;;;;;;;;;;;
I133667;C193454;PRD00074;Toys;3,00;BNI;30/01/2022;Gwalk;Bangkalan;;;;;;;;;;;;;;;;;
I420393;C170711;PRD00075;Shoes;4,00;BNI;02/05/2021;Royal Plaza;Mojokerto;;;;;;;;;;;;;;;;;
I313796;C399735;PRD00076;Clothing;2,00;BCA;23/12/2021;Tunjungan Plaza;Probolinggo;;;;;;;;;;;;;;;;;
I133368;C330736;PRD00077;Souvenir;4,00;BCA;15/05/2022;4,00;Pasuruan;;;;;;;;;;;;;;;;;
I788763;C200345;PRD00078;Toys;;BCA;19/10/2021;4,00;Lamongan;;;;;;;;;;;;;;;;;
I205094;C101897;PRD00079;Clothing;4,00;Mandiri;09/06/2021;Tunjungan Plaza;Surabaya;;;;;;;;;;;;;;;;;
I197681;C106311;PRD00080;Clothing;2,00;Mandiri;15/03/2022;Gwalk;Gresik;;;;;;;;;;;;;;;;;
I133290;C334601;PRD00081;Clothing;5,00;BNI;08/01/2023;Royal Plaza;Sidoarjo;;;;;;;;;;;;;;;;;
I239562;C294370;PRD00082;Clothing;2,00;;21/02/2022;Tunjungan Plaza;Bangkalan;;;;;;;;;;;;;;;;;
I267453;C189027;PRD00083;Clothing;5,00;BNI;31/03/2021;Gwalk;Mojokerto;;;;;;;;;;;;;;;;;
I305557;C278541;PRD00084;Food & Beverage;5,00;BNI;04/04/2022;Pakuwon;Probolinggo;;;;;;;;;;;;;;;;;
I151666;C274501;PRD00085;Food & Beverage;;BNI;11/10/2021;Tunjungan Plaza;Pasuruan;;;;;;;;;;;;;;;;;
I208609;C221164;PRD00086;Clothing;1,00;Mandiri;27/01/2021;Gwalk;;;;;;;;;;;;;;;;;;
I140001;C260060;PRD00087;Souvenir;4,00;Mandiri;23/09/2021;Royal Plaza;;;;;;;;;;;;;;;;;;
I340342;C295466;PRD00088;Food & Beverage;1,00;Mandiri;04/03/2023;Pakuwon;Gresik;;;;;;;;;;;;;;;;;
I186496;C145650;PRD00089;Cosmetics;4,00;BCA;16/08/2022;Tunjungan Plaza;Sidoarjo;;;;;;;;;;;;;;;;;
I280022;C787279;PRD00090;1,00;5,00;BNI;05/06/2021;Gwalk;Bangkalan;;;;;;;;;;;;;;;;;
I171740;C279904;PRD00091;Clothing;3,00;BNI;29/11/2021;Royal Plaza;Mojokerto;;;;;;;;;;;;;;;;;
I421240;C382952;PRD00092;Souvenir;2,00;Mandiri;28/01/2023;1;Probolinggo;;;;;;;;;;;;;;;;;
I148062;C223465;PRD00093;Cosmetics;5,00;BCA;23/12/2021;Pakuwon;Pasuruan;;;;;;;;;;;;;;;;;
I416352;C373731;PRD00094;Food & Beverage;3,00;BNI;12/05/2022;Gwalk;Lamongan;;;;;;;;;;;;;;;;;
I163397;C224169;PRD00095;Food & Beverage;1,00;BNI;19/05/2022;Royal Plaza;Surabaya;;;;;;;;;;;;;;;;;
I235220;C276445;PRD00096;Clothing;2,00;BCA;04/10/2021;Tunjungan Plaza;Gresik;;;;;;;;;;;;;;;;;
I143441;C194327;PRD00097;Toys;4,00;BCA;22/11/2021;Gwalk;Sidoarjo;;;;;;;;;;;;;;;;;
I205540;C232136;PRD00098;Clothing;2,00;BCA;02/06/2021;Pakuwon;Bangkalan;;;;;;;;;;;;;;;;;
I236726;C186023;PRD00099;1,00;;Mandiri;12/10/2021;Tunjungan Plaza;Mojokerto;;;;;;;;;;;;;;;;;
I156867;C336395;PRD00100;Food & Beverage;5,00;1,00;12/12/2021;;Probolinggo;;;;;;;;;;;;;;;;;
I109824;C183611;PRD00431;Clothing;1,00;BNI;20/09/2021;Royal Plaza;Pasuruan;;;;;;;;;;;;;;;;;
I179626;C425857;PRD00432;Clothing;1,00;Mandiri;;;Lamongan;;;;;;;;;;;;;;;;;
I304932;C935162;PRD00433;Clothing;2,00;Mandiri;;Pakuwon;Surabaya;;;;;;;;;;;;;;;;;
I336420;C858254;PRD00434;Cosmetics;2,00;Mandiri;24/04/2022;Gwalk;Gresik;;;;;;;;;;;;;;;;;
I697021;C284961;PRD00435;Shoes;5,00;BNI;11/03/2022;Royal Plaza;Sidoarjo;;;;;;;;;;;;;;;;;
I656719;C216268;PRD00436;Clothing;3,00;Mandiri;27/12/2022;Tunjungan Plaza;Bangkalan;;;;;;;;;;;;;;;;;
;;;;;;;;;;;;;;;;;;;;;;;;;
;;;;;;;;;;;;;;;;;;;;;;;;;
;;;;;;;;;;;;;;;;;;;;;;;;;
;;;;;;;;;;;;;;;;;;;;;;;;;
;;;;;;;;;;;;;;;;;;;;;;;;;
;;;;;;;;;;;;;;;;;;;;;;;;;
;;;;;;;;;;;;;;;;;;;;;;;;;
;;;;;;;;;;;;;;;;;;;;;;;;;
;;;;;;;;;;;;;;;;;;;;;;;;;
;;;;;;;;;;;;;;;;;;;;;;;;;
;;;;;;;;;;;;;;;;;;;;;;;;;
;;;;;;;;;;;;;;;;;;;;;;;;;
;;;;;;;;;;;;;;;;;;;;;;;;;
;;;;;;;;;;;;;;;;;;;;;;;;;
;;;;;;;;;;;;;;;;;;;;;;;;;
;;;;;;;;;;;;;;;;;;;;;;;;;
;;;;;;;;;;;;;;;;;;;;;;;;;
;;;;;;;;;;;;;;;;;;;;;;;;;
;;;;;;;;;;;;;;;;;;;;;;;;;
;;;;;;;;;;;;;;;;;;;;;;;;;
;;;;;;;;;;;;;;;;;;;;;;;;;
;;;;;;;;;;;;;;;;;;;;;;;;;
;;;;;;;;;;;;;;;;;;;;;;;;;
;;;;;;;;;;;;;;;;;;;;;;;;;
;;;;;;;;;;;;;;;;;;;;;;;;;
;;;;;;;;;;;;;;;;;;;;;;;;;
;;;;;;;;;;;;;;;;;;;;;;;;;
;;;;;;;;;;;;;;;;;;;;;;;;;
;;;;;;;;;;;;;;;;;;;;;;;;;
;;;;;;;;;;;;;;;;;;;;;;;;;
;;;;;;;;;;;;;;;;;;;;;;;;;
;;;;;;;;;;;;;;;;;;;;;;;;;
;;;;;;;;;;;;;;;;;;;;;;;;;
;;;;;;;;;;;;;;;;;;;;;;;;;
;;;;;;;;;;;;;;;;;;;;;;;;;
;;;;;;;;;;;;;;;;;;;;;;;;;
;;;;;;;;;;;;;;;;;;;;;;;;;
;;;;;;;;;;;;;;;;;;;;;;;;;
;;;;;;;;;;;;;;;;;;;;;;;;;
;;;;;;;;;;;;;;;;;;;;;;;;;
;;;;;;;;;;;;;;;;;;;;;;;;;
;;;;;;;;;;;;;;;;;;;;;;;;;
;;;;;;;;;;;;;;;;;;;;;;;;;
;;;;;;;;;;;;;;;;;;;;;;;;;
;;;;;;;;;;;;;;;;;;;;;;;;;
;;;;;;;;;;;;;;;;;;;;;;;;;
;;;;;;;;;;;;;;;;;;;;;;;;;
;;;;;;;;;;;;;;;;;;;;;;;;;
;;;;;;;;;;;;;;;;;;;;;;;;;
;;;;;;;;;;;;;;;;;;;;;;;;;
;;;;;;;;;;;;;;;;;;;;;;;;;
;;;;;;;;;;;;;;;;;;;;;;;;;
;;;;;;;;;;;;;;;;;;;;;;;;;
;;;;;;;;;;;;;;;;;;;;;;;;;
;;;;;;;;;;;;;;;;;;;;;;;;;
;;;;;;;;;;;;;;;;;;;;;;;;;
;;;;;;;;;;;;;;;;;;;;;;;;;
;;;;;;;;;;;;;;;;;;;;;;;;;
;;;;;;;;;;;;;;;;;;;;;;;;;
;;;;;;;;;;;;;;;;;;;;;;;;;
;;;;;;;;;;;;;;;;;;;;;;;;;
;;;;;;;;;;;;;;;;;;;;;;;;;
;;;;;;;;;;;;;;;;;;;;;;;;;
;;;;;;;;;;;;;;;;;;;;;;;;;
;;;;;;;;;;;;;;;;;;;;;;;;;
;;;;;;;;;;;;;;;;;;;;;;;;;
;;;;;;;;;;;;;;;;;;;;;;;;;
;;;;;;;;;;;;;;;;;;;;;;;;;
;;;;;;;;;;;;;;;;;;;;;;;;;
;;;;;;;;;;;;;;;;;;;;;;;;;
;;;;;;;;;;;;;;;;;;;;;;;;;
;;;;;;;;;;;;;;;;;;;;;;;;;
;;;;;;;;;;;;;;;;;;;;;;;;;
;;;;;;;;;;;;;;;;;;;;;;;;;
;;;;;;;;;;;;;;;;;;;;;;;;;
;;;;;;;;;;;;;;;;;;;;;;;;;
;;;;;;;;;;;;;;;;;;;;;;;;;
;;;;;;;;;;;;;;;;;;;;;;;;;
;;;;;;;;;;;;;;;;;;;;;;;;;
;;;;;;;;;;;;;;;;;;;;;;;;;
;;;;;;;;;;;;;;;;;;;;;;;;;
;;;;;;;;;;;;;;;;;;;;;;;;;
;;;;;;;;;;;;;;;;;;;;;;;;;
;;;;;;;;;;;;;;;;;;;;;;;;;
;;;;;;;;;;;;;;;;;;;;;;;;;
;;;;;;;;;;;;;;;;;;;;;;;;;
;;;;;;;;;;;;;;;;;;;;;;;;;
;;;;;;;;;;;;;;;;;;;;;;;;;
;;;;;;;;;;;;;;;;;;;;;;;;;
;;;;;;;;;;;;;;;;;;;;;;;;;
;;;;;;;;;;;;;;;;;;;;;;;;;
;;;;;;;;;;;;;;;;;;;;;;;;;
;;;;;;;;;;;;;;;;;;;;;;;;;
;;;;;;;;;;;;;;;;;;;;;;;;;
;;;;;;;;;;;;;;;;;;;;;;;;;
;;;;;;;;;;;;;;;;;;;;;;;;;
;;;;;;;;;;;;;;;;;;;;;;;;;
;;;;;;;;;;;;;;;;;;;;;;;;;
;;;;;;;;;;;;;;;;;;;;;;;;;
;;;;;;;;;;;;;;;;;;;;;;;;;
;;;;;;;;;;;;;;;;;;;;;;;;;
;;;;;;;;;;;;;;;;;;;;;;;;;
;;;;;;;;;;;;;;;;;;;;;;;;;
;;;;;;;;;;;;;;;;;;;;;;;;;
;;;;;;;;;;;;;;;;;;;;;;;;;
;;;;;;;;;;;;;;;;;;;;;;;;;
;;;;;;;;;;;;;;;;;;;;;;;;;
;;;;;;;;;;;;;;;;;;;;;;;;;
;;;;;;;;;;;;;;;;;;;;;;;;;
;;;;;;;;;;;;;;;;;;;;;;;;;
;;;;;;;;;;;;;;;;;;;;;;;;;
;;;;;;;;;;;;;;;;;;;;;;;;;
;;;;;;;;;;;;;;;;;;;;;;;;;
;;;;;;;;;;;;;;;;;;;;;;;;;
;;;;;;;;;;;;;;;;;;;;;;;;;
;;;;;;;;;;;;;;;;;;;;;;;;;
;;;;;;;;;;;;;;;;;;;;;;;;;
;;;;;;;;;;;;;;;;;;;;;;;;;
;;;;;;;;;;;;;;;;;;;;;;;;;
;;;;;;;;;;;;;;;;;;;;;;;;;
;;;;;;;;;;;;;;;;;;;;;;;;;
;;;;;;;;;;;;;;;;;;;;;;;;;
;;;;;;;;;;;;;;;;;;;;;;;;;
;;;;;;;;;;;;;;;;;;;;;;;;;
;;;;;;;;;;;;;;;;;;;;;;;;;
;;;;;;;;;;;;;;;;;;;;;;;;;
;;;;;;;;;;;;;;;;;;;;;;;;;
;;;;;;;;;;;;;;;;;;;;;;;;;
;;;;;;;;;;;;;;;;;;;;;;;;;
;;;;;;;;;;;;;;;;;;;;;;;;;
;;;;;;;;;;;;;;;;;;;;;;;;;
;;;;;;;;;;;;;;;;;;;;;;;;;
;;;;;;;;;;;;;;;;;;;;;;;;;
;;;;;;;;;;;;;;;;;;;;;;;;;
;;;;;;;;;;;;;;;;;;;;;;;;;
;;;;;;;;;;;;;;;;;;;;;;;;;
;;;;;;;;;;;;;;;;;;;;;;;;;
;;;;;;;;;;;;;;;;;;;;;;;;;
;;;;;;;;;;;;;;;;;;;;;;;;;
;;;;;;;;;;;;;;;;;;;;;;;;;
;;;;;;;;;;;;;;;;;;;;;;;;;
;;;;;;;;;;;;;;;;;;;;;;;;;
;;;;;;;;;;;;;;;;;;;;;;;;;
;;;;;;;;;;;;;;;;;;;;;;;;;
;;;;;;;;;;;;;;;;;;;;;;;;;
;;;;;;;;;;;;;;;;;;;;;;;;;
;;;;;;;;;;;;;;;;;;;;;;;;;
;;;;;;;;;;;;;;;;;;;;;;;;;
;;;;;;;;;;;;;;;;;;;;;;;;;
;;;;;;;;;;;;;;;;;;;;;;;;;
;;;;;;;;;;;;;;;;;;;;;;;;;
;;;;;;;;;;;;;;;;;;;;;;;;;
;;;;;;;;;;;;;;;;;;;;;;;;;
;;;;;;;;;;;;;;;;;;;;;;;;;
;;;;;;;;;;;;;;;;;;;;;;;;;
;;;;;;;;;;;;;;;;;;;;;;;;;
;;;;;;;;;;;;;;;;;;;;;;;;;
;;;;;;;;;;;;;;;;;;;;;;;;;
;;;;;;;;;;;;;;;;;;;;;;;;;
;;;;;;;;;;;;;;;;;;;;;;;;;
;;;;;;;;;;;;;;;;;;;;;;;;;
;;;;;;;;;;;;;;;;;;;;;;;;;
;;;;;;;;;;;;;;;;;;;;;;;;;
;;;;;;;;;;;;;;;;;;;;;;;;;
;;;;;;;;;;;;;;;;;;;;;;;;;
;;;;;;;;;;;;;;;;;;;;;;;;;
;;;;;;;;;;;;;;;;;;;;;;;;;
;;;;;;;;;;;;;;;;;;;;;;;;;
;;;;;;;;;;;;;;;;;;;;;;;;;
;;;;;;;;;;;;;;;;;;;;;;;;;
;;;;;;;;;;;;;;;;;;;;;;;;;
;;;;;;;;;;;;;;;;;;;;;;;;;
;;;;;;;;;;;;;;;;;;;;;;;;;
;;;;;;;;;;;;;;;;;;;;;;;;;
;;;;;;;;;;;;;;;;;;;;;;;;;
;;;;;;;;;;;;;;;;;;;;;;;;;
;;;;;;;;;;;;;;;;;;;;;;;;;
;;;;;;;;;;;;;;;;;;;;;;;;;
;;;;;;;;;;;;;;;;;;;;;;;;;
;;;;;;;;;;;;;;;;;;;;;;;;;
;;;;;;;;;;;;;;;;;;;;;;;;;
;;;;;;;;;;;;;;;;;;;;;;;;;
;;;;;;;;;;;;;;;;;;;;;;;;;
;;;;;;;;;;;;;;;;;;;;;;;;;
;;;;;;;;;;;;;;;;;;;;;;;;;
;;;;;;;;;;;;;;;;;;;;;;;;;
;;;;;;;;;;;;;;;;;;;;;;;;;
;;;;;;;;;;;;;;;;;;;;;;;;;
;;;;;;;;;;;;;;;;;;;;;;;;;
;;;;;;;;;;;;;;;;;;;;;;;;;
;;;;;;;;;;;;;;;;;;;;;;;;;
;;;;;;;;;;;;;;;;;;;;;;;;;
;;;;;;;;;;;;;;;;;;;;;;;;;
;;;;;;;;;;;;;;;;;;;;;;;;;
;;;;;;;;;;;;;;;;;;;;;;;;;
;;;;;;;;;;;;;;;;;;;;;;;;;
;;;;;;;;;;;;;;;;;;;;;;;;;
;;;;;;;;;;;;;;;;;;;;;;;;;
;;;;;;;;;;;;;;;;;;;;;;;;;
;;;;;;;;;;;;;;;;;;;;;;;;;
;;;;;;;;;;;;;;;;;;;;;;;;;
;;;;;;;;;;;;;;;;;;;;;;;;;
;;;;;;;;;;;;;;;;;;;;;;;;;
;;;;;;;;;;;;;;;;;;;;;;;;;
;;;;;;;;;;;;;;;;;;;;;;;;;
;;;;;;;;;;;;;;;;;;;;;;;;;
;;;;;;;;;;;;;;;;;;;;;;;;;
;;;;;;;;;;;;;;;;;;;;;;;;;
;;;;;;;;;;;;;;;;;;;;;;;;;
;;;;;;;;;;;;;;;;;;;;;;;;;
;;;;;;;;;;;;;;;;;;;;;;;;;
;;;;;;;;;;;;;;;;;;;;;;;;;
;;;;;;;;;;;;;;;;;;;;;;;;;
;;;;;;;;;;;;;;;;;;;;;;;;;
;;;;;;;;;;;;;;;;;;;;;;;;;
;;;;;;;;;;;;;;;;;;;;;;;;;
;;;;;;;;;;;;;;;;;;;;;;;;;
;;;;;;;;;;;;;;;;;;;;;;;;;
;;;;;;;;;;;;;;;;;;;;;;;;;
;;;;;;;;;;;;;;;;;;;;;;;;;
;;;;;;;;;;;;;;;;;;;;;;;;;
;;;;;;;;;;;;;;;;;;;;;;;;;
;;;;;;;;;;;;;;;;;;;;;;;;;
;;;;;;;;;;;;;;;;;;;;;;;;;
;;;;;;;;;;;;;;;;;;;;;;;;;
;;;;;;;;;;;;;;;;;;;;;;;;;
;;;;;;;;;;;;;;;;;;;;;;;;;
;;;;;;;;;;;;;;;;;;;;;;;;;
;;;;;;;;;;;;;;;;;;;;;;;;;
;;;;;;;;;;;;;;;;;;;;;;;;;
;;;;;;;;;;;;;;;;;;;;;;;;;
;;;;;;;;;;;;;;;;;;;;;;;;;
;;;;;;;;;;;;;;;;;;;;;;;;;
;;;;;;;;;;;;;;;;;;;;;;;;;
;;;;;;;;;;;;;;;;;;;;;;;;;
;;;;;;;;;;;;;;;;;;;;;;;;;
;;;;;;;;;;;;;;;;;;;;;;;;;
;;;;;;;;;;;;;;;;;;;;;;;;;
;;;;;;;;;;;;;;;;;;;;;;;;;
;;;;;;;;;;;;;;;;;;;;;;;;;
;;;;;;;;;;;;;;;;;;;;;;;;;
;;;;;;;;;;;;;;;;;;;;;;;;;
;;;;;;;;;;;;;;;;;;;;;;;;;
;;;;;;;;;;;;;;;;;;;;;;;;;
;;;;;;;;;;;;;;;;;;;;;;;;;
;;;;;;;;;;;;;;;;;;;;;;;;;
;;;;;;;;;;;;;;;;;;;;;;;;;
;;;;;;;;;;;;;;;;;;;;;;;;;
;;;;;;;;;;;;;;;;;;;;;;;;;
;;;;;;;;;;;;;;;;;;;;;;;;;
;;;;;;;;;;;;;;;;;;;;;;;;;
;;;;;;;;;;;;;;;;;;;;;;;;;
;;;;;;;;;;;;;;;;;;;;;;;;;
;;;;;;;;;;;;;;;;;;;;;;;;;
;;;;;;;;;;;;;;;;;;;;;;;;;
;;;;;;;;;;;;;;;;;;;;;;;;;
;;;;;;;;;;;;;;;;;;;;;;;;;
;;;;;;;;;;;;;;;;;;;;;;;;;
;;;;;;;;;;;;;;;;;;;;;;;;;
;;;;;;;;;;;;;;;;;;;;;;;;;
;;;;;;;;;;;;;;;;;;;;;;;;;
;;;;;;;;;;;;;;;;;;;;;;;;;
;;;;;;;;;;;;;;;;;;;;;;;;;
;;;;;;;;;;;;;;;;;;;;;;;;;
;;;;;;;;;;;;;;;;;;;;;;;;;
;;;;;;;;;;;;;;;;;;;;;;;;;
;;;;;;;;;;;;;;;;;;;;;;;;;
;;;;;;;;;;;;;;;;;;;;;;;;;
;;;;;;;;;;;;;;;;;;;;;;;;;
;;;;;;;;;;;;;;;;;;;;;;;;;
;;;;;;;;;;;;;;;;;;;;;;;;;
;;;;;;;;;;;;;;;;;;;;;;;;;
;;;;;;;;;;;;;;;;;;;;;;;;;
;;;;;;;;;;;;;;;;;;;;;;;;;
;;;;;;;;;;;;;;;;;;;;;;;;;
;;;;;;;;;;;;;;;;;;;;;;;;;
;;;;;;;;;;;;;;;;;;;;;;;;;
;;;;;;;;;;;;;;;;;;;;;;;;;
;;;;;;;;;;;;;;;;;;;;;;;;;
;;;;;;;;;;;;;;;;;;;;;;;;;
;;;;;;;;;;;;;;;;;;;;;;;;;
;;;;;;;;;;;;;;;;;;;;;;;;;
;;;;;;;;;;;;;;;;;;;;;;;;;
;;;;;;;;;;;;;;;;;;;;;;;;;
;;;;;;;;;;;;;;;;;;;;;;;;;
;;;;;;;;;;;;;;;;;;;;;;;;;
;;;;;;;;;;;;;;;;;;;;;;;;;
;;;;;;;;;;;;;;;;;;;;;;;;;
;;;;;;;;;;;;;;;;;;;;;;;;;
;;;;;;;;;;;;;;;;;;;;;;;;;
;;;;;;;;;;;;;;;;;;;;;;;;;
;;;;;;;;;;;;;;;;;;;;;;;;;
;;;;;;;;;;;;;;;;;;;;;;;;;
;;;;;;;;;;;;;;;;;;;;;;;;;
;;;;;;;;;;;;;;;;;;;;;;;;;
;;;;;;;;;;;;;;;;;;;;;;;;;
;;;;;;;;;;;;;;;;;;;;;;;;;
;;;;;;;;;;;;;;;;;;;;;;;;;
;;;;;;;;;;;;;;;;;;;;;;;;;
;;;;;;;;;;;;;;;;;;;;;;;;;
;;;;;;;;;;;;;;;;;;;;;;;;;
;;;;;;;;;;;;;;;;;;;;;;;;;
;;;;;;;;;;;;;;;;;;;;;;;;;
;;;;;;;;;;;;;;;;;;;;;;;;;
;;;;;;;;;;;;;;;;;;;;;;;;;
;;;;;;;;;;;;;;;;;;;;;;;;;
;;;;;;;;;;;;;;;;;;;;;;;;;
;;;;;;;;;;;;;;;;;;;;;;;;;
;;;;;;;;;;;;;;;;;;;;;;;;;
;;;;;;;;;;;;;;;;;;;;;;;;;
;;;;;;;;;;;;;;;;;;;;;;;;;
;;;;;;;;;;;;;;;;;;;;;;;;;
;;;;;;;;;;;;;;;;;;;;;;;;;
;;;;;;;;;;;;;;;;;;;;;;;;;
;;;;;;;;;;;;;;;;;;;;;;;;;
;;;;;;;;;;;;;;;;;;;;;;;;;
;;;;;;;;;;;;;;;;;;;;;;;;;
;;;;;;;;;;;;;;;;;;;;;;;;;
;;;;;;;;;;;;;;;;;;;;;;;;;
;;;;;;;;;;;;;;;;;;;;;;;;;
;;;;;;;;;;;;;;;;;;;;;;;;;
;;;;;;;;;;;;;;;;;;;;;;;;;
;;;;;;;;;;;;;;;;;;;;;;;;;
;;;;;;;;;;;;;;;;;;;;;;;;;
;;;;;;;;;;;;;;;;;;;;;;;;;
;;;;;;;;;;;;;;;;;;;;;;;;;
;;;;;;;;;;;;;;;;;;;;;;;;;
;;;;;;;;;;;;;;;;;;;;;;;;;
;;;;;;;;;;;;;;;;;;;;;;;;;
;;;;;;;;;;;;;;;;;;;;;;;;;
;;;;;;;;;;;;;;;;;;;;;;;;;
;;;;;;;;;;;;;;;;;;;;;;;;;
;;;;;;;;;;;;;;;;;;;;;;;;;
;;;;;;;;;;;;;;;;;;;;;;;;;
;;;;;;;;;;;;;;;;;;;;;;;;;
;;;;;;;;;;;;;;;;;;;;;;;;;
;;;;;;;;;;;;;;;;;;;;;;;;;
;;;;;;;;;;;;;;;;;;;;;;;;;
;;;;;;;;;;;;;;;;;;;;;;;;;
;;;;;;;;;;;;;;;;;;;;;;;;;
;;;;;;;;;;;;;;;;;;;;;;;;;
;;;;;;;;;;;;;;;;;;;;;;;;;
;;;;;;;;;;;;;;;;;;;;;;;;;
;;;;;;;;;;;;;;;;;;;;;;;;;
;;;;;;;;;;;;;;;;;;;;;;;;;
;;;;;;;;;;;;;;;;;;;;;;;;;
;;;;;;;;;;;;;;;;;;;;;;;;;
;;;;;;;;;;;;;;;;;;;;;;;;;
;;;;;;;;;;;;;;;;;;;;;;;;;
;;;;;;;;;;;;;;;;;;;;;;;;;
;;;;;;;;;;;;;;;;;;;;;;;;;
;;;;;;;;;;;;;;;;;;;;;;;;;
;;;;;;;;;;;;;;;;;;;;;;;;;
;;;;;;;;;;;;;;;;;;;;;;;;;
;;;;;;;;;;;;;;;;;;;;;;;;;
;;;;;;;;;;;;;;;;;;;;;;;;;
;;;;;;;;;;;;;;;;;;;;;;;;;
;;;;;;;;;;;;;;;;;;;;;;;;;
;;;;;;;;;;;;;;;;;;;;;;;;;
;;;;;;;;;;;;;;;;;;;;;;;;;
;;;;;;;;;;;;;;;;;;;;;;;;;
;;;;;;;;;;;;;;;;;;;;;;;;;
;;;;;;;;;;;;;;;;;;;;;;;;;
;;;;;;;;;;;;;;;;;;;;;;;;;
;;;;;;;;;;;;;;;;;;;;;;;;;
;;;;;;;;;;;;;;;;;;;;;;;;;
;;;;;;;;;;;;;;;;;;;;;;;;;
;;;;;;;;;;;;;;;;;;;;;;;;;
;;;;;;;;;;;;;;;;;;;;;;;;;
;;;;;;;;;;;;;;;;;;;;;;;;;
;;;;;;;;;;;;;;;;;;;;;;;;;
;;;;;;;;;;;;;;;;;;;;;;;;;
;;;;;;;;;;;;;;;;;;;;;;;;;
;;;;;;;;;;;;;;;;;;;;;;;;;
;;;;;;;;;;;;;;;;;;;;;;;;;
;;;;;;;;;;;;;;;;;;;;;;;;;
;;;;;;;;;;;;;;;;;;;;;;;;;
;;;;;;;;;;;;;;;;;;;;;;;;;
;;;;;;;;;;;;;;;;;;;;;;;;;
;;;;;;;;;;;;;;;;;;;;;;;;;
;;;;;;;;;;;;;;;;;;;;;;;;;
;;;;;;;;;;;;;;;;;;;;;;;;;
;;;;;;;;;;;;;;;;;;;;;;;;;
;;;;;;;;;;;;;;;;;;;;;;;;;
;;;;;;;;;;;;;;;;;;;;;;;;;
;;;;;;;;;;;;;;;;;;;;;;;;;
;;;;;;;;;;;;;;;;;;;;;;;;;
;;;;;;;;;;;;;;;;;;;;;;;;;
;;;;;;;;;;;;;;;;;;;;;;;;;
;;;;;;;;;;;;;;;;;;;;;;;;;
;;;;;;;;;;;;;;;;;;;;;;;;;
;;;;;;;;;;;;;;;;;;;;;;;;;
;;;;;;;;;;;;;;;;;;;;;;;;;
;;;;;;;;;;;;;;;;;;;;;;;;;
;;;;;;;;;;;;;;;;;;;;;;;;;
;;;;;;;;;;;;;;;;;;;;;;;;;
;;;;;;;;;;;;;;;;;;;;;;;;;
;;;;;;;;;;;;;;;;;;;;;;;;;
;;;;;;;;;;;;;;;;;;;;;;;;;
;;;;;;;;;;;;;;;;;;;;;;;;;
;;;;;;;;;;;;;;;;;;;;;;;;;
;;;;;;;;;;;;;;;;;;;;;;;;;
;;;;;;;;;;;;;;;;;;;;;;;;;
;;;;;;;;;;;;;;;;;;;;;;;;;
;;;;;;;;;;;;;;;;;;;;;;;;;
;;;;;;;;;;;;;;;;;;;;;;;;;
;;;;;;;;;;;;;;;;;;;;;;;;;
;;;;;;;;;;;;;;;;;;;;;;;;;
;;;;;;;;;;;;;;;;;;;;;;;;;
;;;;;;;;;;;;;;;;;;;;;;;;;
;;;;;;;;;;;;;;;;;;;;;;;;;
;;;;;;;;;;;;;;;;;;;;;;;;;
;;;;;;;;;;;;;;;;;;;;;;;;;
;;;;;;;;;;;;;;;;;;;;;;;;;
;;;;;;;;;;;;;;;;;;;;;;;;;
;;;;;;;;;;;;;;;;;;;;;;;;;
;;;;;;;;;;;;;;;;;;;;;;;;;
;;;;;;;;;;;;;;;;;;;;;;;;;
;;;;;;;;;;;;;;;;;;;;;;;;;
;;;;;;;;;;;;;;;;;;;;;;;;;
;;;;;;;;;;;;;;;;;;;;;;;;;
;;;;;;;;;;;;;;;;;;;;;;;;;
;;;;;;;;;;;;;;;;;;;;;;;;;
;;;;;;;;;;;;;;;;;;;;;;;;;
;;;;;;;;;;;;;;;;;;;;;;;;;
;;;;;;;;;;;;;;;;;;;;;;;;;
;;;;;;;;;;;;;;;;;;;;;;;;;
;;;;;;;;;;;;;;;;;;;;;;;;;
;;;;;;;;;;;;;;;;;;;;;;;;;
;;;;;;;;;;;;;;;;;;;;;;;;;
;;;;;;;;;;;;;;;;;;;;;;;;;
;;;;;;;;;;;;;;;;;;;;;;;;;
;;;;;;;;;;;;;;;;;;;;;;;;;
;;;;;;;;;;;;;;;;;;;;;;;;;
;;;;;;;;;;;;;;;;;;;;;;;;;
;;;;;;;;;;;;;;;;;;;;;;;;;
;;;;;;;;;;;;;;;;;;;;;;;;;
;;;;;;;;;;;;;;;;;;;;;;;;;
;;;;;;;;;;;;;;;;;;;;;;;;;
;;;;;;;;;;;;;;;;;;;;;;;;;
;;;;;;;;;;;;;;;;;;;;;;;;;
;;;;;;;;;;;;;;;;;;;;;;;;;
;;;;;;;;;;;;;;;;;;;;;;;;;
;;;;;;;;;;;;;;;;;;;;;;;;;
;;;;;;;;;;;;;;;;;;;;;;;;;
;;;;;;;;;;;;;;;;;;;;;;;;;
;;;;;;;;;;;;;;;;;;;;;;;;;
;;;;;;;;;;;;;;;;;;;;;;;;;
;;;;;;;;;;;;;;;;;;;;;;;;;
;;;;;;;;;;;;;;;;;;;;;;;;;
;;;;;;;;;;;;;;;;;;;;;;;;;
;;;;;;;;;;;;;;;;;;;;;;;;;
;;;;;;;;;;;;;;;;;;;;;;;;;
;;;;;;;;;;;;;;;;;;;;;;;;;
;;;;;;;;;;;;;;;;;;;;;;;;;
;;;;;;;;;;;;;;;;;;;;;;;;;
;;;;;;;;;;;;;;;;;;;;;;;;;
;;;;;;;;;;;;;;;;;;;;;;;;;
;;;;;;;;;;;;;;;;;;;;;;;;;
;;;;;;;;;;;;;;;;;;;;;;;;;
;;;;;;;;;;;;;;;;;;;;;;;;;
;;;;;;;;;;;;;;;;;;;;;;;;;
;;;;;;;;;;;;;;;;;;;;;;;;;
;;;;;;;;;;;;;;;;;;;;;;;;;
;;;;;;;;;;;;;;;;;;;;;;;;;
;;;;;;;;;;;;;;;;;;;;;;;;;
;;;;;;;;;;;;;;;;;;;;;;;;;
;;;;;;;;;;;;;;;;;;;;;;;;;
;;;;;;;;;;;;;;;;;;;;;;;;;
;;;;;;;;;;;;;;;;;;;;;;;;;
;;;;;;;;;;;;;;;;;;;;;;;;;
;;;;;;;;;;;;;;;;;;;;;;;;;
;;;;;;;;;;;;;;;;;;;;;;;;;
;;;;;;;;;;;;;;;;;;;;;;;;;
;;;;;;;;;;;;;;;;;;;;;;;;;
;;;;;;;;;;;;;;;;;;;;;;;;;
;;;;;;;;;;;;;;;;;;;;;;;;;
;;;;;;;;;;;;;;;;;;;;;;;;;
;;;;;;;;;;;;;;;;;;;;;;;;;
;;;;;;;;;;;;;;;;;;;;;;;;;
;;;;;;;;;;;;;;;;;;;;;;;;;
;;;;;;;;;;;;;;;;;;;;;;;;;
;;;;;;;;;;;;;;;;;;;;;;;;;
;;;;;;;;;;;;;;;;;;;;;;;;;
;;;;;;;;;;;;;;;;;;;;;;;;;
;;;;;;;;;;;;;;;;;;;;;;;;;
;;;;;;;;;;;;;;;;;;;;;;;;;
;;;;;;;;;;;;;;;;;;;;;;;;;
;;;;;;;;;;;;;;;;;;;;;;;;;
;;;;;;;;;;;;;;;;;;;;;;;;;
;;;;;;;;;;;;;;;;;;;;;;;;;
;;;;;;;;;;;;;;;;;;;;;;;;;
;;;;;;;;;;;;;;;;;;;;;;;;;
;;;;;;;;;;;;;;;;;;;;;;;;;
;;;;;;;;;;;;;;;;;;;;;;;;;
;;;;;;;;;;;;;;;;;;;;;;;;;
;;;;;;;;;;;;;;;;;;;;;;;;;
;;;;;;;;;;;;;;;;;;;;;;;;;
;;;;;;;;;;;;;;;;;;;;;;;;;
