customer_id;Name;gender;age;;;;;;;;;;;;;;;;;;;;;;
C278142;Isabella;Female;29,00;;;;;;;;;;;;;;;;;;;;;;
C330779;Liam;Male;68,00;;;;;;;;;;;;;;;;;;;;;;
C282968;Sophia;Female;50,00;;;;;;;;;;;;;;;;;;;;;;
C852668;Emma;Female;44,00;;;;;;;;;;;;;;;;;;;;;;
C274936;Olivia;Female;;;;;;;;;;;;;;;;;;;;;;;
C269751;Ava;Female;48,00;;;;;;;;;;;;;;;;;;;;;;
C136051;Mia;;Female;;;;;;;;;;;;;;;;;;;;;;
C266462;Noah;Male;;;;;;;;;;;;;;;;;;;;;;;
C329163;Amelia;Female;34,00;;;;;;;;;;;;;;;;;;;;;;
C305398;Harper;Female;65,00;;;;;;;;;;;;;;;;;;;;;;
C267961;Evelyn;;Male;;;;;;;;;;;;;;;;;;;;;;
C101248;Abigail;Female;19,00;;;;;;;;;;;;;;;;;;;;;;
C165812;Scarlett;Female;19,00;;;;;;;;;;;;;;;;;;;;;;
C339518;Grace;Female;31,00;;;;;;;;;;;;;;;;;;;;;;
C235057;Chloe;Female;;;;;;;;;;;;;;;;;;;;;;;
C103944;Ethan;Male;42,00;;;;;;;;;;;;;;;;;;;;;;
C260889;Aiden;Male;58,00;;;;;;;;;;;;;;;;;;;;;;
C207753;Lily;;;;;;;;;;;;;;;;;;;;;;;;
C204154;Emily;;32,00;;;;;;;;;;;;;;;;;;;;;;
C290344;Benjamin;Male;27,00;;;;;;;;;;;;;;;;;;;;;;
C730395;Zoey;Female;28,00;;;;;;;;;;;;;;;;;;;;;;
C312155;Samuel;Male;55,00;;;;;;;;;;;;;;;;;;;;;;
C259743;Layla;Female;48,00;;;;;;;;;;;;;;;;;;;;;;
C605200;Victoria;Female;Male;;;;;;;;;;;;;;;;;;;;;;
C317850;Penelope;Female;20,00;;;;;;;;;;;;;;;;;;;;;;
C986860;James;Male;male;;;;;;;;;;;;;;;;;;;;;;
C236428;William;Male;44,00;;;;;;;;;;;;;;;;;;;;;;
C278588;Nora;Female;35,00;;;;;;;;;;;;;;;;;;;;;;
C154184;Mason;Male;48,00;;;;;;;;;;;;;;;;;;;;;;
C287459;Daniel;Female;22,00;;;;;;;;;;;;;;;;;;;;;;
C617884;Eleanor;Female;;;;;;;;;;;;;;;;;;;;;;;
C294024;Michael;Male;;;;;;;;;;;;;;;;;;;;;;;
C790567;Hazel;Male;64,00;;;;;;;;;;;;;;;;;;;;;;
C799447;Alexander;Male;38,00;;;;;;;;;;;;;;;;;;;;;;
C144628;Henry;Female;45,00;;;;;;;;;;;;;;;;;;;;;;
C260810;Violet;Female;41,00;;;;;;;;;;;;;;;;;;;;;;
C670524;Addison;Female;57,00;;;;;;;;;;;;;;;;;;;;;;
C334281;Savannah;Male;female;;;;;;;;;;;;;;;;;;;;;;
C314173;Oliver;Female;60,00;;;;;;;;;;;;;;;;;;;;;;
C122712;Bella;Female;44,00;;;;;;;;;;;;;;;;;;;;;;
C276111;Lucy;Male;38,00;;;;;;;;;;;;;;;;;;;;;;
C277924;Sebastian;Male;65,00;;;;;;;;;;;;;;;;;;;;;;
C286466;Stella;Male;30,00;;;;;;;;;;;;;;;;;;;;;;
C327001;Aurora;Female;50,00;;;;;;;;;;;;;;;;;;;;;;
C509924;Matthew;Female;19,00;;;;;;;;;;;;;;;;;;;;;;
C453635;Jackson;Male;26,00;;;;;;;;;;;;;;;;;;;;;;
C259539;David;Female;54,00;;;;;;;;;;;;;;;;;;;;;;
C729392;Ellie;Female;63,00;;;;;;;;;;;;;;;;;;;;;;
C280085;Hannah;Female;66,00;;;;;;;;;;;;;;;;;;;;;;
C767634;Leah;Female;48,00;;;;;;;;;;;;;;;;;;;;;;
C230018;Joseph;Male;46,00;;;;;;;;;;;;;;;;;;;;;;
C238063;Madison;Male;54,00;;;;;;;;;;;;;;;;;;;;;;
C308584;Andrew;Male;62,00;;;;;;;;;;;;;;;;;;;;;;
C216619;Willow;Female;64,00;;;;;;;;;;;;;;;;;;;;;;
C241523;Zoe;Male;55,00;;;;;;;;;;;;;;;;;;;;;;
C209761;Nora;Female;20,00;;;;;;;;;;;;;;;;;;;;;;
C329153;Ethan;Male;41,00;;;;;;;;;;;;;;;;;;;;;;
C126702;Claire;Male;54,00;;;;;;;;;;;;;;;;;;;;;;
C287787;Audrey;Male;34,00;;;;;;;;;;;;;;;;;;;;;;
C142943;Bella;Female;31,00;;;;;;;;;;;;;;;;;;;;;;
C100484;Emily;Male;48,00;;;;;;;;;;;;;;;;;;;;;;
C260213;Aria;Female;44,00;;;;;;;;;;;;;;;;;;;;;;
C210589;Benjamin;Female;42,00;;;;;;;;;;;;;;;;;;;;;;
C885556;Henry;Male;25,00;;;;;;;;;;;;;;;;;;;;;;
C944366;James;Male;64,00;;;;;;;;;;;;;;;;;;;;;;
C462011;William;Female;67,00;;;;;;;;;;;;;;;;;;;;;;
C262366;Sophie;Female;55,00;;;;;;;;;;;;;;;;;;;;;;
C212400;Scarlett;Female;62,00;;;;;;;;;;;;;;;;;;;;;;
C204307;Alexander;Female;54,00;;;;;;;;;;;;;;;;;;;;;;
C162871;Ava;Female;43,00;;;;;;;;;;;;;;;;;;;;;;
C119825;Chloe;Female;30,00;;;;;;;;;;;;;;;;;;;;;;
C260171;Grace;Female;58,00;;;;;;;;;;;;;;;;;;;;;;
C244973;Lily;Male;49,00;;;;;;;;;;;;;;;;;;;;;;
C208765;Mia;Female;49,00;;;;;;;;;;;;;;;;;;;;;;
C321053;Olivia;Female;19,00;;;;;;;;;;;;;;;;;;;;;;
C183356;Noah;Female;58,00;;;;;;;;;;;;;;;;;;;;;;
C155763;Amelia;;Male;;;;;;;;;;;;;;;;;;;;;;
C567509;;Female;50,00;;;;;;;;;;;;;;;;;;;;;;
C486241;Mason;Female;21,00;;;;;;;;;;;;;;;;;;;;;;
C306892;Evelyn;Male;21,00;;;;;;;;;;;;;;;;;;;;;;
C266819;Abigail;Male;63,00;;;;;;;;;;;;;;;;;;;;;;
C317897;Zoe;Male;30,00;;;;;;;;;;;;;;;;;;;;;;
C545424;Samuel;Male;66,00;;;;;;;;;;;;;;;;;;;;;;
C224223;Daniel;Female;23,00;;;;;;;;;;;;;;;;;;;;;;
C286181;Benjamin;Female;69,00;;;;;;;;;;;;;;;;;;;;;;
C144371;Layla;Female;45,00;;;;;;;;;;;;;;;;;;;;;;
C402433;Victoria;Male;53,00;;;;;;;;;;;;;;;;;;;;;;
C297425;Liam;Female;50,00;;;;;;;;;;;;;;;;;;;;;;
C222906;Isabella;Female;45,00;;;;;;;;;;;;;;;;;;;;;;
C236397;Ethan;;Female;;;;;;;;;;;;;;;;;;;;;;
C309079;Aiden;Female;36,00;;;;;;;;;;;;;;;;;;;;;;
C116633;Sophia;Female;61,00;;;;;;;;;;;;;;;;;;;;;;
C259606;Noah;Female;46,00;;;;;;;;;;;;;;;;;;;;;;
C333065;Emma;Male;47,00;;;;;;;;;;;;;;;;;;;;;;
C211494;Ava;Female;38,00;;;;;;;;;;;;;;;;;;;;;;
C302831;William;Female;41,00;;;;;;;;;;;;;;;;;;;;;;
C282397;Olivia;Male;29,00;;;;;;;;;;;;;;;;;;;;;;
C233697;Mia;Female;58,00;;;;;;;;;;;;;;;;;;;;;;
C129976;Amelia;Male;69,00;;;;;;;;;;;;;;;;;;;;;;
C812053;Benjamin;;53,00;;;;;;;;;;;;;;;;;;;;;;
C324783;Liam;Male;26,00;;;;;;;;;;;;;;;;;;;;;;
C281502;Ethan;Male;53,00;;;;;;;;;;;;;;;;;;;;;;
C433234;Sophia;Female;63,00;;;;;;;;;;;;;;;;;;;;;;
C167183;Olivia;Female;54,00;;;;;;;;;;;;;;;;;;;;;;
C311195;Ava;Female;54,00;;;;;;;;;;;;;;;;;;;;;;
C107399;Noah;Male;45,00;;;;;;;;;;;;;;;;;;;;;;
C992967;Amelia;Female;62,00;;;;;;;;;;;;;;;;;;;;;;
C246719;Harper;Female;;;;;;;;;;;;;;;;;;;;;;;
C220859;Evelyn;Female;44,00;;;;;;;;;;;;;;;;;;;;;;
C285422;Benjamin;Male;50,00;;;;;;;;;;;;;;;;;;;;;;
C217049;Samuel;Male;31,00;;;;;;;;;;;;;;;;;;;;;;
C141094;Michael;Male;62,00;;;;;;;;;;;;;;;;;;;;;;
C310628;Emily;Female;20,00;;;;;;;;;;;;;;;;;;;;;;
C297711;Abigail;Female;65,00;;;;;;;;;;;;;;;;;;;;;;
C211354;Grace;Female;63,00;;;;;;;;;;;;;;;;;;;;;;
C281864;Chloe;Female;57,00;;;;;;;;;;;;;;;;;;;;;;
C234177;Lily;Female;59,00;;;;;;;;;;;;;;;;;;;;;;
C335822;Ella;Female;44,00;;;;;;;;;;;;;;;;;;;;;;
C107261;Daniel;;63,00;;;;;;;;;;;;;;;;;;;;;;
C653357;Scarlett;Male;65,00;;;;;;;;;;;;;;;;;;;;;;
C327084;Mia;Female;68,00;;;;;;;;;;;;;;;;;;;;;;
C218706;Layla;Female;21,00;;;;;;;;;;;;;;;;;;;;;;
C321931;Penelope;Female;33,00;;;;;;;;;;;;;;;;;;;;;;
C403983;Victoria;Female;23,00;;;;;;;;;;;;;;;;;;;;;;
C137912;Hazel;Female;49,00;;;;;;;;;;;;;;;;;;;;;;
C229733;Oliver;Male;57,00;;;;;;;;;;;;;;;;;;;;;;
C304835;Addison;Female;54,00;;;;;;;;;;;;;;;;;;;;;;
C124933;Natalie;Female;41,00;;;;;;;;;;;;;;;;;;;;;;
C111115;Isabella;Female;21,00;;;;;;;;;;;;;;;;;;;;;;
C248988;Zoey;;45,00;;;;;;;;;;;;;;;;;;;;;;
C162574;Hannah;Female;58,00;;;;;;;;;;;;;;;;;;;;;;
C331880;William;Male;53,00;;;;;;;;;;;;;;;;;;;;;;
C291911;Nora;Female;53,00;;;;;;;;;;;;;;;;;;;;;;
C153958;Matthew;Male;39,00;;;;;;;;;;;;;;;;;;;;;;
C125209;Stella;Female;21,00;;;;;;;;;;;;;;;;;;;;;;
C320640;Aurora;Female;51,00;;;;;;;;;;;;;;;;;;;;;;
C803666;James;Male;50,00;;;;;;;;;;;;;;;;;;;;;;
C134691;Eleanor;Female;50,00;;;;;;;;;;;;;;;;;;;;;;
C729802;Joseph;Male;61,00;;;;;;;;;;;;;;;;;;;;;;
C252250;Audrey;Male;44,00;;;;;;;;;;;;;;;;;;;;;;
C208545;Bella;Female;31,00;;;;;;;;;;;;;;;;;;;;;;
C310975;Andrew;Male;64,00;;;;;;;;;;;;;;;;;;;;;;
C109758;Alexander;Male;50,00;;;;;;;;;;;;;;;;;;;;;;
C214463;Henry;62,00;45,00;;;;;;;;;;;;;;;;;;;;;;
C387164;Claire;Female;29,00;;;;;;;;;;;;;;;;;;;;;;
C135196;Jackson;Female;33,00;;;;;;;;;;;;;;;;;;;;;;
C284031;David;Male;29,00;;;;;;;;;;;;;;;;;;;;;;
C259260;Ellie;Male;65,00;;;;;;;;;;;;;;;;;;;;;;
C109593;Samantha;Female;66,00;;;;;;;;;;;;;;;;;;;;;;
C270238;Leah;Male;54,00;;;;;;;;;;;;;;;;;;;;;;
C308978;Joshua;Male;44,00;;;;;;;;;;;;;;;;;;;;;;
C221607;Madison;Male;46,00;;;;;;;;;;;;;;;;;;;;;;
C115148;Ethan;Male;37,00;;;;;;;;;;;;;;;;;;;;;;
C253248;Willow;Female;22,00;;;;;;;;;;;;;;;;;;;;;;
C290760;Zoe;Female;55,00;;;;;;;;;;;;;;;;;;;;;;
C258089;Violet;;41,00;;;;;;;;;;;;;;;;;;;;;;
C222102;Jasmine;29,00;42,00;;;;;;;;;;;;;;;;;;;;;;
C209440;Anthony;Male;24,00;;;;;;;;;;;;;;;;;;;;;;
C203263;Savannah;Female;43,00;;;;;;;;;;;;;;;;;;;;;;
C232103;Ruby;Male;40,00;;;;;;;;;;;;;;;;;;;;;;
C213360;Kennedy;Female;22,00;;;;;;;;;;;;;;;;;;;;;;
C225105;Gabriella;;27,00;;;;;;;;;;;;;;;;;;;;;;
C158124;Christopher;;68,00;;;;;;;;;;;;;;;;;;;;;;
C246484;Ryan;Female;48,00;;;;;;;;;;;;;;;;;;;;;;
C197019;John;Female;56,00;;;;;;;;;;;;;;;;;;;;;;
C947114;Matthew;Male;25,00;;;;;;;;;;;;;;;;;;;;;;
C115431;Sophie;Male;30,00;;;;;;;;;;;;;;;;;;;;;;
C266394;Scarlett;Female;49,00;;;;;;;;;;;;;;;;;;;;;;
C122371;Lucas;Male;57,00;;;;;;;;;;;;;;;;;;;;;;
C736428;Ava;Female;46,00;;;;;;;;;;;;;;;;;;;;;;
C127339;Chloe;Male;29,00;;;;;;;;;;;;;;;;;;;;;;
C164662;Grace;Female;69,00;;;;;;;;;;;;;;;;;;;;;;
C248884;Lily;Female;42,00;;;;;;;;;;;;;;;;;;;;;;
C100684;Mia;Female;38,00;;;;;;;;;;;;;;;;;;;;;;
C240688;Olivia;Female;46,00;;;;;;;;;;;;;;;;;;;;;;
C246364;Noah;Male;31,00;;;;;;;;;;;;;;;;;;;;;;
C195413;Amelia;Male;26,00;;;;;;;;;;;;;;;;;;;;;;
C197308;Harper;Female;48,00;;;;;;;;;;;;;;;;;;;;;;
C264767;Mason;Male;30,00;;;;;;;;;;;;;;;;;;;;;;
C299172;Evelyn;Male;56,00;;;;;;;;;;;;;;;;;;;;;;
C994327;Abigail;Male;65,00;;;;;;;;;;;;;;;;;;;;;;
C337644;Zoe;Female;53,00;;;;;;;;;;;;;;;;;;;;;;
C175449;Samuel;Female;43,00;;;;;;;;;;;;;;;;;;;;;;
C249092;Daniel;Male;26,00;;;;;;;;;;;;;;;;;;;;;;
C432132;Benjamin;Male;23,00;;;;;;;;;;;;;;;;;;;;;;
C289802;Layla;Female;54,00;;;;;;;;;;;;;;;;;;;;;;
C194330;Victoria;Male;56,00;;;;;;;;;;;;;;;;;;;;;;
C127945;Liam;Female;37,00;;;;;;;;;;;;;;;;;;;;;;
C202057;Isabella;Male;48,00;;;;;;;;;;;;;;;;;;;;;;
C315209;Ethan;Male;56,00;;;;;;;;;;;;;;;;;;;;;;
C323605;Aiden;Female;58,00;;;;;;;;;;;;;;;;;;;;;;
C282395;Sophia;Female;40,00;;;;;;;;;;;;;;;;;;;;;;
C109491;Noah;Female;38,00;;;;;;;;;;;;;;;;;;;;;;
C261194;Emma;Female;40,00;;;;;;;;;;;;;;;;;;;;;;
C232330;Ava;Male;64,00;;;;;;;;;;;;;;;;;;;;;;
C737782;William;Male;28,00;;;;;;;;;;;;;;;;;;;;;;
C123201;Olivia;48,00;49,00;;;;;;;;;;;;;;;;;;;;;;
C230641;Mia;Male;51,00;;;;;;;;;;;;;;;;;;;;;;
C805154;Amelia;Male;22,00;;;;;;;;;;;;;;;;;;;;;;
C330021;Benjamin;Female;67,00;;;;;;;;;;;;;;;;;;;;;;
C107668;Emma;Female;22,00;;;;;;;;;;;;;;;;;;;;;;
C209722;Olivia;Female;26,00;;;;;;;;;;;;;;;;;;;;;;
C210614;Ava;Female;42,00;;;;;;;;;;;;;;;;;;;;;;
C212378;Sophia;Female;45,00;;;;;;;;;;;;;;;;;;;;;;
C313586;Isabella;Female;43,00;;;;;;;;;;;;;;;;;;;;;;
C292604;Mia;43,00;35,00;;;;;;;;;;;;;;;;;;;;;;
C216257;Liam;;49,00;;;;;;;;;;;;;;;;;;;;;;
C272779;Amelia;Female;49,00;;;;;;;;;;;;;;;;;;;;;;
C100507;Noah;Male;33,00;;;;;;;;;;;;;;;;;;;;;;
C190072;Harper;Female;65,00;;;;;;;;;;;;;;;;;;;;;;
C111827;James;Male;40,00;;;;;;;;;;;;;;;;;;;;;;
C203955;Benjamin;Male;68,00;;;;;;;;;;;;;;;;;;;;;;
C680169;Evelyn;Female;26,00;;;;;;;;;;;;;;;;;;;;;;
C281091;William;Male;38,00;;;;;;;;;;;;;;;;;;;;;;
C209122;Abigail;Female;56,00;;;;;;;;;;;;;;;;;;;;;;
C231964;Alexander;Male;19,00;;;;;;;;;;;;;;;;;;;;;;
C291641;Scarlett;Female;18,00;;;;;;;;;;;;;;;;;;;;;;
C315386;Michael;Male;55,00;;;;;;;;;;;;;;;;;;;;;;
C290158;Grace;Female;53,00;;;;;;;;;;;;;;;;;;;;;;
C226218;Chloe;Female;69,00;;;;;;;;;;;;;;;;;;;;;;
C633946;Ethan;Male;27,00;;;;;;;;;;;;;;;;;;;;;;
C118742;Nora;Female;36,00;;;;;;;;;;;;;;;;;;;;;;
C218295;Layla;Female;61,00;;;;;;;;;;;;;;;;;;;;;;
C636874;Lily;Female;43,00;;;;;;;;;;;;;;;;;;;;;;
C310472;Penelope;Female;51,00;;;;;;;;;;;;;;;;;;;;;;
C119440;Daniel;Male;38,00;;;;;;;;;;;;;;;;;;;;;;
C230305;Henry;Male;34,00;;;;;;;;;;;;;;;;;;;;;;
C197131;Jackson;Male;23,00;;;;;;;;;;;;;;;;;;;;;;
C278721;David;Male;56,00;;;;;;;;;;;;;;;;;;;;;;
C247868;Joseph;;60,00;;;;;;;;;;;;;;;;;;;;;;
C834257;Madison;Female;59,00;;;;;;;;;;;;;;;;;;;;;;
C242041;Anthony;Male;43,00;;;;;;;;;;;;;;;;;;;;;;
C892871;Christopher;Male;55,00;;;;;;;;;;;;;;;;;;;;;;
C280596;Matthew;Male;40,00;;;;;;;;;;;;;;;;;;;;;;
C703073;Andrew;Female;43,00;;;;;;;;;;;;;;;;;;;;;;
C282097;Zoey;Male;59,00;;;;;;;;;;;;;;;;;;;;;;
C179726;Joshua;Male;24,00;;;;;;;;;;;;;;;;;;;;;;
C838282;Ryan;Female;63,00;;;;;;;;;;;;;;;;;;;;;;
C181939;John;Male;31,00;;;;;;;;;;;;;;;;;;;;;;
C755148;Aria;Female;69,00;;;;;;;;;;;;;;;;;;;;;;
C282107;Nathan;Female;36,00;;;;;;;;;;;;;;;;;;;;;;
C102560;Samuel;Female;54,00;;;;;;;;;;;;;;;;;;;;;;
C229670;Harper;Male;22,00;;;;;;;;;;;;;;;;;;;;;;
C269986;Benjamin;Male;39,00;;;;;;;;;;;;;;;;;;;;;;
C191300;Layla;Male;26,00;;;;;;;;;;;;;;;;;;;;;;
C167158;Michael;Male;44,00;;;;;;;;;;;;;;;;;;;;;;
C318225;Penelope;Female;35,00;;;;;;;;;;;;;;;;;;;;;;
C101108;Hazel;Female;66,00;;;;;;;;;;;;;;;;;;;;;;
C103073;Scarlett;Male;61,00;;;;;;;;;;;;;;;;;;;;;;
C299787;Oliver;Female;30,00;;;;;;;;;;;;;;;;;;;;;;
C555827;Amelia;Male;55,00;;;;;;;;;;;;;;;;;;;;;;
C992695;Ava;Female;22,00;;;;;;;;;;;;;;;;;;;;;;
C178176;Mason;Female;51,00;;;;;;;;;;;;;;;;;;;;;;
C211245;Ethan;Male;53,00;;;;;;;;;;;;;;;;;;;;;;
C139231;Grace;Female;54,00;;;;;;;;;;;;;;;;;;;;;;
C339339;William;Male;34,00;;;;;;;;;;;;;;;;;;;;;;
C321993;Liam;Female;49,00;;;;;;;;;;;;;;;;;;;;;;
C226519;Isabella;Female;41,00;;;;;;;;;;;;;;;;;;;;;;
C715684;Harper;Female;34,00;;;;;;;;;;;;;;;;;;;;;;
C328195;Evelyn;Female;59,00;;;;;;;;;;;;;;;;;;;;;;
C284366;Abigail;Female;20,00;;;;;;;;;;;;;;;;;;;;;;
C354398;Lily;Female;23,00;;;;;;;;;;;;;;;;;;;;;;
C317063;Benjamin;Female;25,00;;;;;;;;;;;;;;;;;;;;;;
C156360;Samuel;Female;63,00;;;;;;;;;;;;;;;;;;;;;;
C474896;Michael;Male;68,00;;;;;;;;;;;;;;;;;;;;;;
C140082;Henry;Male;58,00;;;;;;;;;;;;;;;;;;;;;;
C240510;Scarlett;Male;58,00;;;;;;;;;;;;;;;;;;;;;;
C292758;Matthew;Male;47,00;;;;;;;;;;;;;;;;;;;;;;
C222262;Christopher;Female;22,00;;;;;;;;;;;;;;;;;;;;;;
C130016;Zoey;Female;51,00;;;;;;;;;;;;;;;;;;;;;;
C305749;Joshua;Male;56,00;;;;;;;;;;;;;;;;;;;;;;
C316261;Ryan;Male;33,00;;;;;;;;;;;;;;;;;;;;;;
C178487;John;Male;27,00;;;;;;;;;;;;;;;;;;;;;;
C205731;Aria;Male;50,00;;;;;;;;;;;;;;;;;;;;;;
C171122;Nathan;Female;49,00;;;;;;;;;;;;;;;;;;;;;;
C266021;Samuel;Female;52,00;;;;;;;;;;;;;;;;;;;;;;
C576719;Harper;Male;54,00;;;;;;;;;;;;;;;;;;;;;;
C254022;Benjamin;Male;19,00;;;;;;;;;;;;;;;;;;;;;;
C121489;Layla;Female;49,00;;;;;;;;;;;;;;;;;;;;;;
C211545;Michael;Female;44,00;;;;;;;;;;;;;;;;;;;;;;
C245349;Penelope;Male;69,00;;;;;;;;;;;;;;;;;;;;;;
C644605;Hazel;Female;41,00;;;;;;;;;;;;;;;;;;;;;;
C293936;Scarlett;Female;25,00;;;;;;;;;;;;;;;;;;;;;;
C387282;Oliver;Female;51,00;;;;;;;;;;;;;;;;;;;;;;
C405837;Amelia;Female;53,00;;;;;;;;;;;;;;;;;;;;;;
C193298;Ava;Female;20,00;;;;;;;;;;;;;;;;;;;;;;
C363987;Mason;Male;62,00;;;;;;;;;;;;;;;;;;;;;;
C995929;Ethan;Female;30,00;;;;;;;;;;;;;;;;;;;;;;
C236969;Grace;Female;47,00;;;;;;;;;;;;;;;;;;;;;;
C145797;William;Male;40,00;;;;;;;;;;;;;;;;;;;;;;
C241450;Liam;Female;35,00;;;;;;;;;;;;;;;;;;;;;;
C196296;Isabella;Female;41,00;;;;;;;;;;;;;;;;;;;;;;
C306908;Harper;Female;48,00;;;;;;;;;;;;;;;;;;;;;;
C141984;Evelyn;Male;26,00;;;;;;;;;;;;;;;;;;;;;;
C720642;Abigail;Female;27,00;;;;;;;;;;;;;;;;;;;;;;
C270638;Lily;Female;26,00;;;;;;;;;;;;;;;;;;;;;;
C858536;Benjamin;Female;65,00;;;;;;;;;;;;;;;;;;;;;;
C289573;Samuel;Female;25,00;;;;;;;;;;;;;;;;;;;;;;
C122094;Michael;Female;19,00;;;;;;;;;;;;;;;;;;;;;;
C162986;Henry;Male;21,00;;;;;;;;;;;;;;;;;;;;;;
C271881;Emma;Female;61,00;;;;;;;;;;;;;;;;;;;;;;
C214260;Olivia;Female;65,00;;;;;;;;;;;;;;;;;;;;;;
C209210;Ava;Female;23,00;;;;;;;;;;;;;;;;;;;;;;
C296477;Liam;Male;42,00;;;;;;;;;;;;;;;;;;;;;;
C134069;Noah;Male;33,00;;;;;;;;;;;;;;;;;;;;;;
C241442;Sophia;Female;54,00;;;;;;;;;;;;;;;;;;;;;;
C312418;Amelia;Female;67,00;;;;;;;;;;;;;;;;;;;;;;
C127004;Harper;Female;41,00;;;;;;;;;;;;;;;;;;;;;;
C198868;Evelyn;Female;57,00;;;;;;;;;;;;;;;;;;;;;;
C173860;Isabella;Female;35,00;;;;;;;;;;;;;;;;;;;;;;
C186098;James;Male;62,00;;;;;;;;;;;;;;;;;;;;;;
C285261;Benjamin;Male;26,00;;;;;;;;;;;;;;;;;;;;;;
C214662;William;Male;48,00;;;;;;;;;;;;;;;;;;;;;;
C163444;Emily;Female;57,00;;;;;;;;;;;;;;;;;;;;;;
C533520;Abigail;Female;53,00;;;;;;;;;;;;;;;;;;;;;;
C339565;Ethan;Male;58,00;;;;;;;;;;;;;;;;;;;;;;
C202977;Mia;Female;32,00;;;;;;;;;;;;;;;;;;;;;;
C237063;Charlotte;Female;23,00;;;;;;;;;;;;;;;;;;;;;;
C108497;Scarlett;Female;49,00;;;;;;;;;;;;;;;;;;;;;;
C219299;Grace;Female;26,00;;;;;;;;;;;;;;;;;;;;;;
C247547;Ella;Female;62,00;;;;;;;;;;;;;;;;;;;;;;
C190917;Michael;Male;30,00;;;;;;;;;;;;;;;;;;;;;;
C337220;Avery;Female;28,00;;;;;;;;;;;;;;;;;;;;;;
C217919;Sofia;Female;65,00;;;;;;;;;;;;;;;;;;;;;;
C112544;Lily;Female;56,00;;;;;;;;;;;;;;;;;;;;;;
C168912;Daniel;Female;40,00;;;;;;;;;;;;;;;;;;;;;;
C279747;Layla;Male;55,00;;;;;;;;;;;;;;;;;;;;;;
C249401;Chloe;Female;61,00;;;;;;;;;;;;;;;;;;;;;;
C128618;Zoey;Female;35,00;;;;;;;;;;;;;;;;;;;;;;
C182105;Henry;Female;37,00;;;;;;;;;;;;;;;;;;;;;;
C331127;Alexander;Male;32,00;;;;;;;;;;;;;;;;;;;;;;
C286564;Nora;Female;68,00;;;;;;;;;;;;;;;;;;;;;;
C188064;Aria;Female;44,00;;;;;;;;;;;;;;;;;;;;;;
C293329;Scarlett;Female;61,00;;;;;;;;;;;;;;;;;;;;;;
C113739;Harper;Male;38,00;;;;;;;;;;;;;;;;;;;;;;
C836254;Matthew;Female;66,00;;;;;;;;;;;;;;;;;;;;;;
C245894;Amelia;Female;53,00;;;;;;;;;;;;;;;;;;;;;;
C144894;Ava;Female;21,00;;;;;;;;;;;;;;;;;;;;;;
C190794;William;Male;61,00;;;;;;;;;;;;;;;;;;;;;;
C142508;Olivia;Female;32,00;;;;;;;;;;;;;;;;;;;;;;
C135555;Mia;Female;46,00;;;;;;;;;;;;;;;;;;;;;;
C501563;Sophia;Male;25,00;;;;;;;;;;;;;;;;;;;;;;
C152590;James;Female;49,00;;;;;;;;;;;;;;;;;;;;;;
C772839;Amelia;Female;26,00;;;;;;;;;;;;;;;;;;;;;;
C623421;Harper;Female;40,00;;;;;;;;;;;;;;;;;;;;;;
C222949;Benjamin;Female;20,00;;;;;;;;;;;;;;;;;;;;;;
C133451;Layla;Female;38,00;;;;;;;;;;;;;;;;;;;;;;
C195342;Nora;Female;63,00;;;;;;;;;;;;;;;;;;;;;;
C336400;Aria;Male;25,00;;;;;;;;;;;;;;;;;;;;;;
C175833;Henry;Female;19,00;;;;;;;;;;;;;;;;;;;;;;
C246602;Penelope;Female;53,00;;;;;;;;;;;;;;;;;;;;;;
C329003;Scarlett;Female;51,00;;;;;;;;;;;;;;;;;;;;;;
C270340;Harper;Male;56,00;;;;;;;;;;;;;;;;;;;;;;
C330141;Aria;Male;29,00;;;;;;;;;;;;;;;;;;;;;;
C121707;Chloe;Female;20,00;;;;;;;;;;;;;;;;;;;;;;
C112452;Ella;Female;35,00;;;;;;;;;;;;;;;;;;;;;;
C269710;Grace;Female;62,00;;;;;;;;;;;;;;;;;;;;;;
C297610;Lily;Female;32,00;;;;;;;;;;;;;;;;;;;;;;
C319935;Benjamin;Male;48,00;;;;;;;;;;;;;;;;;;;;;;
C785507;Samuel;Male;43,00;;;;;;;;;;;;;;;;;;;;;;
C217834;Michael;Female;57,00;;;;;;;;;;;;;;;;;;;;;;
C709370;Henry;Male;33,00;;;;;;;;;;;;;;;;;;;;;;
C216369;Scarlett;Female;49,00;;;;;;;;;;;;;;;;;;;;;;
C322689;Matthew;Female;29,00;;;;;;;;;;;;;;;;;;;;;;
C146203;Christopher;Female;43,00;;;;;;;;;;;;;;;;;;;;;;
C611809;Zoey;Female;36,00;;;;;;;;;;;;;;;;;;;;;;
C210236;Joshua;Female;59,00;;;;;;;;;;;;;;;;;;;;;;
C297118;Ryan;Female;31,00;;;;;;;;;;;;;;;;;;;;;;
C180586;John;Female;51,00;;;;;;;;;;;;;;;;;;;;;;
C314705;Aria;Male;27,00;;;;;;;;;;;;;;;;;;;;;;
C272419;Nathan;Female;62,00;;;;;;;;;;;;;;;;;;;;;;
C282520;Samuel;Male;44,00;;;;;;;;;;;;;;;;;;;;;;
C319624;Harper;Female;18,00;;;;;;;;;;;;;;;;;;;;;;
C264687;Benjamin;Female;52,00;;;;;;;;;;;;;;;;;;;;;;
C140543;Layla;Male;60,00;;;;;;;;;;;;;;;;;;;;;;
C339391;Michael;Female;34,00;;;;;;;;;;;;;;;;;;;;;;
C285587;Penelope;Male;47,00;;;;;;;;;;;;;;;;;;;;;;
C137134;Hazel;Female;58,00;;;;;;;;;;;;;;;;;;;;;;
C103896;Scarlett;Female;51,00;;;;;;;;;;;;;;;;;;;;;;
C315479;Oliver;Female;32,00;;;;;;;;;;;;;;;;;;;;;;
C181912;Amelia;Female;23,00;;;;;;;;;;;;;;;;;;;;;;
C335107;Ava;Female;38,00;;;;;;;;;;;;;;;;;;;;;;
C121510;Mason;Male;63,00;;;;;;;;;;;;;;;;;;;;;;
C477489;Ethan;Female;50,00;;;;;;;;;;;;;;;;;;;;;;
C331382;Grace;Male;64,00;;;;;;;;;;;;;;;;;;;;;;
C554087;William;Male;51,00;;;;;;;;;;;;;;;;;;;;;;
C226252;Liam;Male;21,00;;;;;;;;;;;;;;;;;;;;;;
C227695;Isabella;Female;20,00;;;;;;;;;;;;;;;;;;;;;;
C246136;Harper;Male;34,00;;;;;;;;;;;;;;;;;;;;;;
C170928;Evelyn;Female;26,00;;;;;;;;;;;;;;;;;;;;;;
C200317;Abigail;Female;19,00;;;;;;;;;;;;;;;;;;;;;;
C192979;Lily;Female;47,00;;;;;;;;;;;;;;;;;;;;;;
C198568;Benjamin;Male;47,00;;;;;;;;;;;;;;;;;;;;;;
C251518;Samuel;Female;56,00;;;;;;;;;;;;;;;;;;;;;;
C215210;Michael;Male;42,00;;;;;;;;;;;;;;;;;;;;;;
C271571;Henry;Male;49,00;;;;;;;;;;;;;;;;;;;;;;
C303444;Scarlett;Female;51,00;;;;;;;;;;;;;;;;;;;;;;
C506925;Matthew;Female;41,00;;;;;;;;;;;;;;;;;;;;;;
C294604;Christopher;Male;27,00;;;;;;;;;;;;;;;;;;;;;;
C190939;Zoey;Female;61,00;;;;;;;;;;;;;;;;;;;;;;
C129849;Emma;Female;38,00;;;;;;;;;;;;;;;;;;;;;;
C235178;Liam;Male;42,00;;;;;;;;;;;;;;;;;;;;;;
C267843;Noah;Male;58,00;;;;;;;;;;;;;;;;;;;;;;
C186861;Olivia;Female;57,00;;;;;;;;;;;;;;;;;;;;;;
C219983;Elijah;Male;23,00;;;;;;;;;;;;;;;;;;;;;;
C250033;Ava;Female;62,00;;;;;;;;;;;;;;;;;;;;;;
C506663;Oliver;Male;31,00;;;;;;;;;;;;;;;;;;;;;;
C235482;Sophia;Female;54,00;;;;;;;;;;;;;;;;;;;;;;
C781893;Aiden;Male;19,00;;;;;;;;;;;;;;;;;;;;;;
C328444;Caden;Male;68,00;;;;;;;;;;;;;;;;;;;;;;
C307592;Jackson;Male;44,00;;;;;;;;;;;;;;;;;;;;;;
C541983;Amelia;Female;44,00;;;;;;;;;;;;;;;;;;;;;;
C283381;Isabella;Female;29,00;;;;;;;;;;;;;;;;;;;;;;
C301099;Mia;Female;67,00;;;;;;;;;;;;;;;;;;;;;;
C246641;Harper;Female;28,00;;;;;;;;;;;;;;;;;;;;;;
C312617;Abigail;Female;34,00;;;;;;;;;;;;;;;;;;;;;;
C204164;Lucas;Male;45,00;;;;;;;;;;;;;;;;;;;;;;
C259798;Emily;Female;55,00;;;;;;;;;;;;;;;;;;;;;;
C215336;Elizabeth;Female;69,00;;;;;;;;;;;;;;;;;;;;;;
C339648;Ethan;Male;30,00;;;;;;;;;;;;;;;;;;;;;;
C290275;Scarlett;Female;38,00;;;;;;;;;;;;;;;;;;;;;;
C230120;Mason;Male;39,00;;;;;;;;;;;;;;;;;;;;;;
C478733;Layla;Female;63,00;;;;;;;;;;;;;;;;;;;;;;
C201255;Alexander;Male;49,00;;;;;;;;;;;;;;;;;;;;;;
C289918;Evelyn;Female;66,00;;;;;;;;;;;;;;;;;;;;;;
C937123;Grace;Female;68,00;;;;;;;;;;;;;;;;;;;;;;
C322924;Carter;Male;18,00;;;;;;;;;;;;;;;;;;;;;;
C690345;Lily;Female;42,00;;;;;;;;;;;;;;;;;;;;;;
C247049;Amelia;Female;54,00;;;;;;;;;;;;;;;;;;;;;;
C280253;Henry;Male;43,00;;;;;;;;;;;;;;;;;;;;;;
C169477;Samuel;Male;54,00;;;;;;;;;;;;;;;;;;;;;;
C131819;Benjamin;Male;43,00;;;;;;;;;;;;;;;;;;;;;;
C442324;Elijah;Male;44,00;;;;;;;;;;;;;;;;;;;;;;
C114347;Oliver;Male;36,00;;;;;;;;;;;;;;;;;;;;;;
C216456;Harper;Female;41,00;;;;;;;;;;;;;;;;;;;;;;
C152833;Abigail;Female;45,00;;;;;;;;;;;;;;;;;;;;;;
C171160;Emily;Female;41,00;;;;;;;;;;;;;;;;;;;;;;
C259884;Ethan;Male;58,00;;;;;;;;;;;;;;;;;;;;;;
C114606;Scarlett;Female;34,00;;;;;;;;;;;;;;;;;;;;;;
C216025;Layla;Female;67,00;;;;;;;;;;;;;;;;;;;;;;
C884264;Alexander;Male;60,00;;;;;;;;;;;;;;;;;;;;;;
C697667;Evelyn;Female;31,00;;;;;;;;;;;;;;;;;;;;;;
C136585;Grace;Female;52,00;;;;;;;;;;;;;;;;;;;;;;
C146582;Carter;Male;25,00;;;;;;;;;;;;;;;;;;;;;;
C129039;Lily;Female;22,00;;;;;;;;;;;;;;;;;;;;;;
C183846;Amelia;Female;34,00;;;;;;;;;;;;;;;;;;;;;;
C297404;Henry;Male;30,00;;;;;;;;;;;;;;;;;;;;;;
C127819;Samuel;Female;25,00;;;;;;;;;;;;;;;;;;;;;;
C127718;Benjamin;Female;48,00;;;;;;;;;;;;;;;;;;;;;;
C230543;Elijah;Male;30,00;;;;;;;;;;;;;;;;;;;;;;
C302358;Olivia;Female;30,00;;;;;;;;;;;;;;;;;;;;;;
C105060;Ava;Female;36,00;;;;;;;;;;;;;;;;;;;;;;
C182606;Noah;Female;52,00;;;;;;;;;;;;;;;;;;;;;;
C295864;Sophia;Male;33,00;;;;;;;;;;;;;;;;;;;;;;
C323307;Emma;Male;69,00;;;;;;;;;;;;;;;;;;;;;;
C104350;Aiden;Female;46,00;;;;;;;;;;;;;;;;;;;;;;
C282281;Mia;Female;65,00;;;;;;;;;;;;;;;;;;;;;;
C506887;Harper;Male;27,00;;;;;;;;;;;;;;;;;;;;;;
C528686;Amelia;Female;42,00;;;;;;;;;;;;;;;;;;;;;;
C157218;Abigail;Female;56,00;;;;;;;;;;;;;;;;;;;;;;
C172691;Emily;Female;68,00;;;;;;;;;;;;;;;;;;;;;;
C330221;Liam;Male;64,00;;;;;;;;;;;;;;;;;;;;;;
C336104;Oliver;Male;59,00;;;;;;;;;;;;;;;;;;;;;;
C807852;Mason;Female;68,00;;;;;;;;;;;;;;;;;;;;;;
C128312;Alexander;Male;25,00;;;;;;;;;;;;;;;;;;;;;;
C150950;Benjamin;Female;40,00;;;;;;;;;;;;;;;;;;;;;;
C305706;Scarlett;Female;18,00;;;;;;;;;;;;;;;;;;;;;;
C310310;Layla;Male;56,00;;;;;;;;;;;;;;;;;;;;;;
C414958;Evelyn;Female;36,00;;;;;;;;;;;;;;;;;;;;;;
C296534;Henry;Female;30,00;;;;;;;;;;;;;;;;;;;;;;
C234534;Samuel;Female;52,00;;;;;;;;;;;;;;;;;;;;;;
C247694;Elijah;Female;24,00;;;;;;;;;;;;;;;;;;;;;;
C141657;Olivia;Female;30,00;;;;;;;;;;;;;;;;;;;;;;
C156233;Ava;Female;45,00;;;;;;;;;;;;;;;;;;;;;;
C354331;Noah;Male;29,00;;;;;;;;;;;;;;;;;;;;;;
C131221;Sophia;Male;24,00;;;;;;;;;;;;;;;;;;;;;;
C123445;Emma;Female;46,00;;;;;;;;;;;;;;;;;;;;;;
C207443;Aiden;Female;65,00;;;;;;;;;;;;;;;;;;;;;;
C137762;Mia;Female;26,00;;;;;;;;;;;;;;;;;;;;;;
C152904;Harper;Female;58,00;;;;;;;;;;;;;;;;;;;;;;
C216194;Amelia;Female;45,00;;;;;;;;;;;;;;;;;;;;;;
C207415;Abigail;Male;43,00;;;;;;;;;;;;;;;;;;;;;;
C621747;Emily;Female;25,00;;;;;;;;;;;;;;;;;;;;;;
C621794;Liam;Female;53,00;;;;;;;;;;;;;;;;;;;;;;
C218289;Oliver;Female;63,00;;;;;;;;;;;;;;;;;;;;;;
C235878;Mason;Female;37,00;;;;;;;;;;;;;;;;;;;;;;
C251446;Alexander;Female;68,00;;;;;;;;;;;;;;;;;;;;;;
C708005;Benjamin;Female;67,00;;;;;;;;;;;;;;;;;;;;;;
C323349;Scarlett;Female;29,00;;;;;;;;;;;;;;;;;;;;;;
C180375;Layla;Female;55,00;;;;;;;;;;;;;;;;;;;;;;
C254007;Evelyn;Male;30,00;;;;;;;;;;;;;;;;;;;;;;
C908169;Henry;Female;57,00;;;;;;;;;;;;;;;;;;;;;;
C587022;Samuel;Male;33,00;;;;;;;;;;;;;;;;;;;;;;
C485257;Elijah;Female;54,00;;;;;;;;;;;;;;;;;;;;;;
C196813;Olivia;Female;66,00;;;;;;;;;;;;;;;;;;;;;;
C242182;Ava;Male;56,00;;;;;;;;;;;;;;;;;;;;;;
C331182;Noah;Male;30,00;;;;;;;;;;;;;;;;;;;;;;
C206713;Sophia;Female;19,00;;;;;;;;;;;;;;;;;;;;;;
C376889;Emma;Female;22,00;;;;;;;;;;;;;;;;;;;;;;
C333202;Aiden;Male;29,00;;;;;;;;;;;;;;;;;;;;;;
C147456;Liam;Male;44,00;;;;;;;;;;;;;;;;;;;;;;
C221830;Olivia;Female;38,00;;;;;;;;;;;;;;;;;;;;;;
C634747;Emma;Female;32,00;;;;;;;;;;;;;;;;;;;;;;
C108986;Ava;Female;58,00;;;;;;;;;;;;;;;;;;;;;;
C205202;Sophia;Female;55,00;;;;;;;;;;;;;;;;;;;;;;
C160680;Isabella;Female;64,00;;;;;;;;;;;;;;;;;;;;;;
C805973;Mia;Female;45,00;;;;;;;;;;;;;;;;;;;;;;
C246456;Amelia;Female;65,00;;;;;;;;;;;;;;;;;;;;;;
C293191;Harper;Female;54,00;;;;;;;;;;;;;;;;;;;;;;
C248510;Noah;Male;58,00;;;;;;;;;;;;;;;;;;;;;;
C102849;Evelyn;Female;40,00;;;;;;;;;;;;;;;;;;;;;;
C732384;James;Male;24,00;;;;;;;;;;;;;;;;;;;;;;
C121299;Emily;Female;60,00;;;;;;;;;;;;;;;;;;;;;;
C103741;Abigail;Female;60,00;;;;;;;;;;;;;;;;;;;;;;
C660491;Benjamin;Male;66,00;;;;;;;;;;;;;;;;;;;;;;
C323696;Elijah;Male;59,00;;;;;;;;;;;;;;;;;;;;;;
C274788;Charlotte;Male;69,00;;;;;;;;;;;;;;;;;;;;;;
C158968;Mason;Female;47,00;;;;;;;;;;;;;;;;;;;;;;
C289495;Scarlett;Male;39,00;;;;;;;;;;;;;;;;;;;;;;
C646756;Grace;Female;54,00;;;;;;;;;;;;;;;;;;;;;;
C193824;William;Female;67,00;;;;;;;;;;;;;;;;;;;;;;
C226996;Harper;Male;30,00;;;;;;;;;;;;;;;;;;;;;;
C276008;Layla;Female;27,00;;;;;;;;;;;;;;;;;;;;;;
C282899;Alexander;Female;52,00;;;;;;;;;;;;;;;;;;;;;;
C323659;Evelyn;Female;57,00;;;;;;;;;;;;;;;;;;;;;;
C158270;Ella;Male;52,00;;;;;;;;;;;;;;;;;;;;;;
C170969;Aria;Male;20,00;;;;;;;;;;;;;;;;;;;;;;
C170219;Ethan;Female;52,00;;;;;;;;;;;;;;;;;;;;;;
C111026;Henry;Female;67,00;;;;;;;;;;;;;;;;;;;;;;
C760307;Penelope;Female;20,00;;;;;;;;;;;;;;;;;;;;;;
C183888;Chloe;Female;64,00;;;;;;;;;;;;;;;;;;;;;;
C144823;Scarlett;Female;20,00;;;;;;;;;;;;;;;;;;;;;;
C211277;Grace;Female;60,00;;;;;;;;;;;;;;;;;;;;;;
C204782;Zoey;Female;36,00;;;;;;;;;;;;;;;;;;;;;;
C184882;Harper;Female;29,00;;;;;;;;;;;;;;;;;;;;;;
C228532;Abigail;Female;45,00;;;;;;;;;;;;;;;;;;;;;;
C315826;Emily;Female;18,00;;;;;;;;;;;;;;;;;;;;;;
C339071;James;Female;54,00;;;;;;;;;;;;;;;;;;;;;;
C219304;Benjamin;Male;45,00;;;;;;;;;;;;;;;;;;;;;;
C192474;Elijah;Female;59,00;;;;;;;;;;;;;;;;;;;;;;
C398415;Oliver;Female;49,00;;;;;;;;;;;;;;;;;;;;;;
C391672;Harper;Male;61,00;;;;;;;;;;;;;;;;;;;;;;
C275887;Abigail;Female;28,00;;;;;;;;;;;;;;;;;;;;;;
C198086;Emily;Female;36,00;;;;;;;;;;;;;;;;;;;;;;
C822515;Ethan;Female;69,00;;;;;;;;;;;;;;;;;;;;;;
C871318;Scarlett;Female;27,00;;;;;;;;;;;;;;;;;;;;;;
C199664;Layla;Female;30,00;;;;;;;;;;;;;;;;;;;;;;
C820137;Evelyn;Male;67,00;;;;;;;;;;;;;;;;;;;;;;
C521673;Henry;Male;66,00;;;;;;;;;;;;;;;;;;;;;;
C149637;Samuel;Female;52,00;;;;;;;;;;;;;;;;;;;;;;
C743273;Alexander;Male;69,00;;;;;;;;;;;;;;;;;;;;;;
C130273;Benjamin;Female;63,00;;;;;;;;;;;;;;;;;;;;;;
C240389;Olivia;Female;20,00;;;;;;;;;;;;;;;;;;;;;;
C470346;Ava;Female;23,00;;;;;;;;;;;;;;;;;;;;;;
C423734;Noah;Male;47,00;;;;;;;;;;;;;;;;;;;;;;
C139077;Sophia;Male;43,00;;;;;;;;;;;;;;;;;;;;;;
C842431;Emma;Male;55,00;;;;;;;;;;;;;;;;;;;;;;
C102301;Aiden;Male;25,00;;;;;;;;;;;;;;;;;;;;;;
C222159;Mia;Female;62,00;;;;;;;;;;;;;;;;;;;;;;
C204727;Harper;Female;23,00;;;;;;;;;;;;;;;;;;;;;;
C325158;Amelia;Female;48,00;;;;;;;;;;;;;;;;;;;;;;
C649525;Abigail;Male;64,00;;;;;;;;;;;;;;;;;;;;;;
C283221;Emily;Female;50,00;;;;;;;;;;;;;;;;;;;;;;
C153509;Liam;Female;42,00;;;;;;;;;;;;;;;;;;;;;;
C290548;Oliver;Male;43,00;;;;;;;;;;;;;;;;;;;;;;
C133134;Mason;Female;25,00;;;;;;;;;;;;;;;;;;;;;;
C245539;Alexander;Male;66,00;;;;;;;;;;;;;;;;;;;;;;
C110711;Benjamin;Female;41,00;;;;;;;;;;;;;;;;;;;;;;
C141093;Scarlett;Female;37,00;;;;;;;;;;;;;;;;;;;;;;
C299644;Layla;Female;43,00;;;;;;;;;;;;;;;;;;;;;;
C141285;Evelyn;Female;19,00;;;;;;;;;;;;;;;;;;;;;;
C120095;Henry;Female;64,00;;;;;;;;;;;;;;;;;;;;;;
C130462;Samuel;Female;39,00;;;;;;;;;;;;;;;;;;;;;;
C116092;Elijah;Female;21,00;;;;;;;;;;;;;;;;;;;;;;
C152098;Olivia;Male;51,00;;;;;;;;;;;;;;;;;;;;;;
C766767;Ava;Male;67,00;;;;;;;;;;;;;;;;;;;;;;
C322195;Noah;Male;54,00;;;;;;;;;;;;;;;;;;;;;;
C114713;Sophia;Female;21,00;;;;;;;;;;;;;;;;;;;;;;
C189364;Emma;Male;29,00;;;;;;;;;;;;;;;;;;;;;;
C150584;Aiden;Female;32,00;;;;;;;;;;;;;;;;;;;;;;
C275695;Mia;Female;55,00;;;;;;;;;;;;;;;;;;;;;;
C614595;Harper;Male;24,00;;;;;;;;;;;;;;;;;;;;;;
C300832;Amelia;Male;37,00;;;;;;;;;;;;;;;;;;;;;;
C241238;Abigail;Female;53,00;;;;;;;;;;;;;;;;;;;;;;
C182162;Emily;Female;43,00;;;;;;;;;;;;;;;;;;;;;;
C328169;Liam;Female;39,00;;;;;;;;;;;;;;;;;;;;;;
C121380;Oliver;Female;37,00;;;;;;;;;;;;;;;;;;;;;;
C788630;Mason;Female;58,00;;;;;;;;;;;;;;;;;;;;;;
C143781;Alexander;Male;28,00;;;;;;;;;;;;;;;;;;;;;;
C285797;Benjamin;Male;45,00;;;;;;;;;;;;;;;;;;;;;;
C174330;Scarlett;Female;21,00;;;;;;;;;;;;;;;;;;;;;;
C430942;Layla;Female;39,00;;;;;;;;;;;;;;;;;;;;;;
C270543;Evelyn;Male;23,00;;;;;;;;;;;;;;;;;;;;;;
C102275;Henry;Male;41,00;;;;;;;;;;;;;;;;;;;;;;
C841591;Samuel;Female;26,00;;;;;;;;;;;;;;;;;;;;;;
C162681;Elijah;Male;51,00;;;;;;;;;;;;;;;;;;;;;;
C716629;Olivia;Male;49,00;;;;;;;;;;;;;;;;;;;;;;
C512978;Ava;Male;45,00;;;;;;;;;;;;;;;;;;;;;;
C289069;Noah;Male;33,00;;;;;;;;;;;;;;;;;;;;;;
C812425;Sophia;Female;53,00;;;;;;;;;;;;;;;;;;;;;;
C200576;Emma;Female;32,00;;;;;;;;;;;;;;;;;;;;;;
C155221;Aiden;Male;40,00;;;;;;;;;;;;;;;;;;;;;;
C251062;Mia;Male;60,00;;;;;;;;;;;;;;;;;;;;;;
C335061;Harper;Female;37,00;;;;;;;;;;;;;;;;;;;;;;
C283983;Amelia;Female;56,00;;;;;;;;;;;;;;;;;;;;;;
C315999;Abigail;Female;55,00;;;;;;;;;;;;;;;;;;;;;;
C987230;Emily;Male;68,00;;;;;;;;;;;;;;;;;;;;;;
C921649;Liam;Female;54,00;;;;;;;;;;;;;;;;;;;;;;
C327823;Oliver;Female;56,00;;;;;;;;;;;;;;;;;;;;;;
C203598;Mason;Male;27,00;;;;;;;;;;;;;;;;;;;;;;
C224753;Alexander;Female;41,00;;;;;;;;;;;;;;;;;;;;;;
C270797;Benjamin;Male;59,00;;;;;;;;;;;;;;;;;;;;;;
C249974;Scarlett;Male;62,00;;;;;;;;;;;;;;;;;;;;;;
C132495;Layla;Male;32,00;;;;;;;;;;;;;;;;;;;;;;
C304747;Evelyn;Male;47,00;;;;;;;;;;;;;;;;;;;;;;
C266724;Henry;Female;42,00;;;;;;;;;;;;;;;;;;;;;;
C494615;Samuel;Male;33,00;;;;;;;;;;;;;;;;;;;;;;
C252265;Elijah;Male;66,00;;;;;;;;;;;;;;;;;;;;;;
C319806;Olivia;Female;55,00;;;;;;;;;;;;;;;;;;;;;;
C219548;Ava;Female;24,00;;;;;;;;;;;;;;;;;;;;;;
C184052;Noah;Female;64,00;;;;;;;;;;;;;;;;;;;;;;
C206253;Sophia;Female;27,00;;;;;;;;;;;;;;;;;;;;;;
C249725;Emma;Female;62,00;;;;;;;;;;;;;;;;;;;;;;
C224881;Aiden;Female;68,00;;;;;;;;;;;;;;;;;;;;;;
C321914;Mia;Female;62,00;;;;;;;;;;;;;;;;;;;;;;
C209245;Harper;Male;36,00;;;;;;;;;;;;;;;;;;;;;;
C130895;Amelia;Male;64,00;;;;;;;;;;;;;;;;;;;;;;
C207573;Abigail;Male;22,00;;;;;;;;;;;;;;;;;;;;;;
C257469;Emily;Female;26,00;;;;;;;;;;;;;;;;;;;;;;
C795627;Liam;Female;37,00;;;;;;;;;;;;;;;;;;;;;;
C194674;Oliver;Female;47,00;;;;;;;;;;;;;;;;;;;;;;
C774214;Mason;Female;40,00;;;;;;;;;;;;;;;;;;;;;;
C120804;Alexander;Female;58,00;;;;;;;;;;;;;;;;;;;;;;
C156004;Benjamin;Male;32,00;;;;;;;;;;;;;;;;;;;;;;
C596756;Scarlett;Female;36,00;;;;;;;;;;;;;;;;;;;;;;
C251433;Layla;Female;56,00;;;;;;;;;;;;;;;;;;;;;;
C288298;Evelyn;Female;41,00;;;;;;;;;;;;;;;;;;;;;;
C148675;Henry;Female;34,00;;;;;;;;;;;;;;;;;;;;;;
C270726;Samuel;Female;37,00;;;;;;;;;;;;;;;;;;;;;;
C105474;Elijah;Female;55,00;;;;;;;;;;;;;;;;;;;;;;
C829423;Olivia;Female;25,00;;;;;;;;;;;;;;;;;;;;;;
C111251;Ava;Female;50,00;;;;;;;;;;;;;;;;;;;;;;
C269506;Noah;Male;66,00;;;;;;;;;;;;;;;;;;;;;;
C127041;Sophia;Male;52,00;;;;;;;;;;;;;;;;;;;;;;
C870412;Emma;Female;24,00;;;;;;;;;;;;;;;;;;;;;;
C108367;Aiden;Male;52,00;;;;;;;;;;;;;;;;;;;;;;
C191673;Mia;Male;43,00;;;;;;;;;;;;;;;;;;;;;;
C979970;Harper;Male;41,00;;;;;;;;;;;;;;;;;;;;;;
C324708;Amelia;Female;28,00;;;;;;;;;;;;;;;;;;;;;;
C289614;Abigail;Male;31,00;;;;;;;;;;;;;;;;;;;;;;
C103877;Emily;Female;41,00;;;;;;;;;;;;;;;;;;;;;;
C264659;Liam;Male;21,00;;;;;;;;;;;;;;;;;;;;;;
C108756;Oliver;Female;45,00;;;;;;;;;;;;;;;;;;;;;;
C253975;Mason;Female;41,00;;;;;;;;;;;;;;;;;;;;;;
C773134;Alexander;Male;42,00;;;;;;;;;;;;;;;;;;;;;;
C433673;Benjamin;Male;50,00;;;;;;;;;;;;;;;;;;;;;;
C271450;Scarlett;Female;42,00;;;;;;;;;;;;;;;;;;;;;;
C327098;Layla;Female;25,00;;;;;;;;;;;;;;;;;;;;;;
C132270;Evelyn;Female;39,00;;;;;;;;;;;;;;;;;;;;;;
C193793;Henry;Male;23,00;;;;;;;;;;;;;;;;;;;;;;
C320229;Samuel;Male;67,00;;;;;;;;;;;;;;;;;;;;;;
C275631;Elijah;Female;42,00;;;;;;;;;;;;;;;;;;;;;;
C462416;Olivia;Female;63,00;;;;;;;;;;;;;;;;;;;;;;
C245407;Ava;Male;53,00;;;;;;;;;;;;;;;;;;;;;;
C269497;Noah;Male;32,00;;;;;;;;;;;;;;;;;;;;;;
C190709;Sophia;Male;43,00;;;;;;;;;;;;;;;;;;;;;;
C291389;Emma;Female;22,00;;;;;;;;;;;;;;;;;;;;;;
C593370;Aiden;Male;30,00;;;;;;;;;;;;;;;;;;;;;;
C303552;Mia;Female;20,00;;;;;;;;;;;;;;;;;;;;;;
C747740;Harper;Female;40,00;;;;;;;;;;;;;;;;;;;;;;
C791362;Amelia;Male;61,00;;;;;;;;;;;;;;;;;;;;;;
C132400;Abigail;Male;44,00;;;;;;;;;;;;;;;;;;;;;;
C677850;Emily;Female;55,00;;;;;;;;;;;;;;;;;;;;;;
C263908;Liam;Female;54,00;;;;;;;;;;;;;;;;;;;;;;
C205165;Oliver;Male;23,00;;;;;;;;;;;;;;;;;;;;;;
C290106;Mason;Female;61,00;;;;;;;;;;;;;;;;;;;;;;
C174747;Alexander;Male;37,00;;;;;;;;;;;;;;;;;;;;;;
C191147;Benjamin;Female;43,00;;;;;;;;;;;;;;;;;;;;;;
C249906;Scarlett;Male;33,00;;;;;;;;;;;;;;;;;;;;;;
C129846;Layla;Male;18,00;;;;;;;;;;;;;;;;;;;;;;
C155333;Evelyn;Female;30,00;;;;;;;;;;;;;;;;;;;;;;
C272155;Henry;Female;68,00;;;;;;;;;;;;;;;;;;;;;;
C266213;Samuel;Male;34,00;;;;;;;;;;;;;;;;;;;;;;
C622685;Elijah;Female;34,00;;;;;;;;;;;;;;;;;;;;;;
C832010;Olivia;Female;59,00;;;;;;;;;;;;;;;;;;;;;;
C288597;Ava;Female;22,00;;;;;;;;;;;;;;;;;;;;;;
C259229;Noah;Female;30,00;;;;;;;;;;;;;;;;;;;;;;
C724217;Sophia;Female;50,00;;;;;;;;;;;;;;;;;;;;;;
C913425;Emma;Female;68,00;;;;;;;;;;;;;;;;;;;;;;
C255828;Aiden;Female;49,00;;;;;;;;;;;;;;;;;;;;;;
C219791;Mia;Male;38,00;;;;;;;;;;;;;;;;;;;;;;
C981925;Harper;Male;51,00;;;;;;;;;;;;;;;;;;;;;;
C237757;Amelia;Male;44,00;;;;;;;;;;;;;;;;;;;;;;
C238083;Abigail;Male;64,00;;;;;;;;;;;;;;;;;;;;;;
C306266;Emily;Female;31,00;;;;;;;;;;;;;;;;;;;;;;
C199858;Liam;Female;34,00;;;;;;;;;;;;;;;;;;;;;;
C179915;Oliver;Male;40,00;;;;;;;;;;;;;;;;;;;;;;
C307014;Mason;Female;58,00;;;;;;;;;;;;;;;;;;;;;;
C280853;Alexander;Male;56,00;;;;;;;;;;;;;;;;;;;;;;
C106066;Benjamin;Female;57,00;;;;;;;;;;;;;;;;;;;;;;
C257683;Emma;Female;38,00;;;;;;;;;;;;;;;;;;;;;;
C364009;Olivia;Female;55,00;;;;;;;;;;;;;;;;;;;;;;
C325548;Ava;Female;23,00;;;;;;;;;;;;;;;;;;;;;;
C606953;Liam;Male;66,00;;;;;;;;;;;;;;;;;;;;;;
C920331;Noah;Male;27,00;;;;;;;;;;;;;;;;;;;;;;
C140413;Sophia;Female;58,00;;;;;;;;;;;;;;;;;;;;;;
C323469;Isabella;Female;32,00;;;;;;;;;;;;;;;;;;;;;;
C336888;James;Male;57,00;;;;;;;;;;;;;;;;;;;;;;
C148034;Benjamin;Male;43,00;;;;;;;;;;;;;;;;;;;;;;
C724391;Mia;Female;56,00;;;;;;;;;;;;;;;;;;;;;;
C180485;Charlotte;Female;40,00;;;;;;;;;;;;;;;;;;;;;;
C323464;Amelia;Female;60,00;;;;;;;;;;;;;;;;;;;;;;
C326699;William;Male;41,00;;;;;;;;;;;;;;;;;;;;;;
C632826;Michael;Male;41,00;;;;;;;;;;;;;;;;;;;;;;
C196337;Harper;Female;54,00;;;;;;;;;;;;;;;;;;;;;;
C258995;Evelyn;Female;42,00;;;;;;;;;;;;;;;;;;;;;;
C246847;Daniel;Male;56,00;;;;;;;;;;;;;;;;;;;;;;
C282894;Scarlett;Female;32,00;;;;;;;;;;;;;;;;;;;;;;
C125304;Joseph;Male;59,00;;;;;;;;;;;;;;;;;;;;;;
C496516;Grace;Female;50,00;;;;;;;;;;;;;;;;;;;;;;
C831048;David;Male;23,00;;;;;;;;;;;;;;;;;;;;;;
C208819;Ethan;Male;50,00;;;;;;;;;;;;;;;;;;;;;;
C804531;Nora;Female;55,00;;;;;;;;;;;;;;;;;;;;;;
C237182;Matthew;Male;62,00;;;;;;;;;;;;;;;;;;;;;;
C131599;Layla;Female;32,00;;;;;;;;;;;;;;;;;;;;;;
C191057;Samuel;Male;37,00;;;;;;;;;;;;;;;;;;;;;;
C195284;Chloe;Female;63,00;;;;;;;;;;;;;;;;;;;;;;
C800785;Zoey;Female;18,00;;;;;;;;;;;;;;;;;;;;;;
C236711;Penelope;Female;22,00;;;;;;;;;;;;;;;;;;;;;;
C118689;Christopher;Male;51,00;;;;;;;;;;;;;;;;;;;;;;
C194063;Aria;Female;52,00;;;;;;;;;;;;;;;;;;;;;;
C210393;Andrew;Male;30,00;;;;;;;;;;;;;;;;;;;;;;
C261316;Lily;Male;32,00;;;;;;;;;;;;;;;;;;;;;;
C177823;Benjamin;Female;46,00;;;;;;;;;;;;;;;;;;;;;;
C748439;Grace;Male;31,00;;;;;;;;;;;;;;;;;;;;;;
C245715;Michael;Female;30,00;;;;;;;;;;;;;;;;;;;;;;
C220780;Henry;Male;24,00;;;;;;;;;;;;;;;;;;;;;;
C126392;Abigail;Male;25,00;;;;;;;;;;;;;;;;;;;;;;
C149849;Joseph;Female;25,00;;;;;;;;;;;;;;;;;;;;;;
C168310;Emily;Female;31,00;;;;;;;;;;;;;;;;;;;;;;
C126647;Alexander;Female;54,00;;;;;;;;;;;;;;;;;;;;;;
C278752;Harper;Female;57,00;;;;;;;;;;;;;;;;;;;;;;
C111668;William;Male;25,00;;;;;;;;;;;;;;;;;;;;;;
C119364;Scarlett;Female;44,00;;;;;;;;;;;;;;;;;;;;;;
C158114;Amelia;Female;43,00;;;;;;;;;;;;;;;;;;;;;;
C195508;Joshua;Male;18,00;;;;;;;;;;;;;;;;;;;;;;
C317968;Layla;Female;57,00;;;;;;;;;;;;;;;;;;;;;;
C809683;Samuel;Female;25,00;;;;;;;;;;;;;;;;;;;;;;
C228735;Chloe;Female;50,00;;;;;;;;;;;;;;;;;;;;;;
C278483;Zoey;Male;49,00;;;;;;;;;;;;;;;;;;;;;;
C158261;Penelope;Male;21,00;;;;;;;;;;;;;;;;;;;;;;
C102607;Henry;Male;38,00;;;;;;;;;;;;;;;;;;;;;;
C808112;Michael;Male;65,00;;;;;;;;;;;;;;;;;;;;;;
C145982;Grace;Female;32,00;;;;;;;;;;;;;;;;;;;;;;
C325166;Alexander;Female;47,00;;;;;;;;;;;;;;;;;;;;;;
C266175;Harper;Female;53,00;;;;;;;;;;;;;;;;;;;;;;
C213718;Amelia;Male;34,00;;;;;;;;;;;;;;;;;;;;;;
C184322;Daniel;Female;61,00;;;;;;;;;;;;;;;;;;;;;;
C478668;Benjamin;Female;19,00;;;;;;;;;;;;;;;;;;;;;;
C331539;Aria;Female;61,00;;;;;;;;;;;;;;;;;;;;;;
C193813;Layla;Male;33,00;;;;;;;;;;;;;;;;;;;;;;
C716870;Evelyn;Female;53,00;;;;;;;;;;;;;;;;;;;;;;
C168973;Chloe;Male;68,00;;;;;;;;;;;;;;;;;;;;;;
C297748;Christopher;Male;37,00;;;;;;;;;;;;;;;;;;;;;;
C678680;Lily;Male;69,00;;;;;;;;;;;;;;;;;;;;;;
C119032;Emily;Female;40,00;;;;;;;;;;;;;;;;;;;;;;
C134708;Grace;Female;67,00;;;;;;;;;;;;;;;;;;;;;;
C100299;Zoey;Female;22,00;;;;;;;;;;;;;;;;;;;;;;
C214164;Joseph;Female;34,00;;;;;;;;;;;;;;;;;;;;;;
C299327;Harper;Female;34,00;;;;;;;;;;;;;;;;;;;;;;
C333988;Amelia;Female;56,00;;;;;;;;;;;;;;;;;;;;;;
C110568;Joshua;Male;26,00;;;;;;;;;;;;;;;;;;;;;;
C132150;Layla;Female;69,00;;;;;;;;;;;;;;;;;;;;;;
C224260;Samuel;Female;67,00;;;;;;;;;;;;;;;;;;;;;;
C314993;Chloe;Male;61,00;;;;;;;;;;;;;;;;;;;;;;
C183588;Zoey;Female;26,00;;;;;;;;;;;;;;;;;;;;;;
C211763;Penelope;Male;63,00;;;;;;;;;;;;;;;;;;;;;;
C246898;Christopher;Female;51,00;;;;;;;;;;;;;;;;;;;;;;
C281244;Aria;Male;60,00;;;;;;;;;;;;;;;;;;;;;;
C288863;Layla;Female;26,00;;;;;;;;;;;;;;;;;;;;;;
C582997;Evelyn;Male;34,00;;;;;;;;;;;;;;;;;;;;;;
C240916;Chloe;Female;25,00;;;;;;;;;;;;;;;;;;;;;;
C108007;Christopher;Male;49,00;;;;;;;;;;;;;;;;;;;;;;
C104963;Lily;Male;69,00;;;;;;;;;;;;;;;;;;;;;;
C286640;Emily;Male;66,00;;;;;;;;;;;;;;;;;;;;;;
C156880;Grace;Male;23,00;;;;;;;;;;;;;;;;;;;;;;
C129686;Zoey;Female;18,00;;;;;;;;;;;;;;;;;;;;;;
C864800;Joseph;Male;24,00;;;;;;;;;;;;;;;;;;;;;;
C223982;Harper;Female;39,00;;;;;;;;;;;;;;;;;;;;;;
C158827;Amelia;Female;50,00;;;;;;;;;;;;;;;;;;;;;;
C253252;Joshua;Male;52,00;;;;;;;;;;;;;;;;;;;;;;
C592891;Layla;Male;56,00;;;;;;;;;;;;;;;;;;;;;;
C287380;Samuel;Female;41,00;;;;;;;;;;;;;;;;;;;;;;
C897202;Chloe;Female;21,00;;;;;;;;;;;;;;;;;;;;;;
C618494;Zoey;Male;42,00;;;;;;;;;;;;;;;;;;;;;;
C228922;Penelope;Female;50,00;;;;;;;;;;;;;;;;;;;;;;
C101074;Christopher;Female;53,00;;;;;;;;;;;;;;;;;;;;;;
C242798;Aria;Female;32,00;;;;;;;;;;;;;;;;;;;;;;
C293612;Layla;Female;60,00;;;;;;;;;;;;;;;;;;;;;;
C299567;Evelyn;Male;34,00;;;;;;;;;;;;;;;;;;;;;;
C352919;Chloe;Female;24,00;;;;;;;;;;;;;;;;;;;;;;
C152959;Christopher;Female;44,00;;;;;;;;;;;;;;;;;;;;;;
C104690;Lily;Female;32,00;;;;;;;;;;;;;;;;;;;;;;
C285884;Emily;Female;42,00;;;;;;;;;;;;;;;;;;;;;;
C257559;Grace;Male;23,00;;;;;;;;;;;;;;;;;;;;;;
C261635;Zoey;Male;33,00;;;;;;;;;;;;;;;;;;;;;;
C316806;Joseph;Male;64,00;;;;;;;;;;;;;;;;;;;;;;
C272133;Harper;Female;69,00;;;;;;;;;;;;;;;;;;;;;;
C112446;Amelia;Male;30,00;;;;;;;;;;;;;;;;;;;;;;
C666466;Joshua;Female;66,00;;;;;;;;;;;;;;;;;;;;;;
C116531;Layla;Female;68,00;;;;;;;;;;;;;;;;;;;;;;
C171015;Samuel;Female;48,00;;;;;;;;;;;;;;;;;;;;;;
C480735;Chloe;Male;52,00;;;;;;;;;;;;;;;;;;;;;;
C290819;Zoey;Female;39,00;;;;;;;;;;;;;;;;;;;;;;
C202988;Penelope;Female;29,00;;;;;;;;;;;;;;;;;;;;;;
C306346;Christopher;Female;48,00;;;;;;;;;;;;;;;;;;;;;;
C127551;Aria;Male;50,00;;;;;;;;;;;;;;;;;;;;;;
C794449;Layla;Male;28,00;;;;;;;;;;;;;;;;;;;;;;
C335131;Evelyn;Male;64,00;;;;;;;;;;;;;;;;;;;;;;
C289650;Chloe;Female;36,00;;;;;;;;;;;;;;;;;;;;;;
C230619;Christopher;Male;64,00;;;;;;;;;;;;;;;;;;;;;;
C832397;Lily;Female;54,00;;;;;;;;;;;;;;;;;;;;;;
C277384;Emily;Female;31,00;;;;;;;;;;;;;;;;;;;;;;
C296318;Grace;Male;49,00;;;;;;;;;;;;;;;;;;;;;;
C813874;Zoey;Female;51,00;;;;;;;;;;;;;;;;;;;;;;
C291970;Joseph;Male;37,00;;;;;;;;;;;;;;;;;;;;;;
C524507;Harper;Male;52,00;;;;;;;;;;;;;;;;;;;;;;
C230270;Amelia;Female;64,00;;;;;;;;;;;;;;;;;;;;;;
C307870;Joshua;Female;65,00;;;;;;;;;;;;;;;;;;;;;;
C294623;Layla;Female;53,00;;;;;;;;;;;;;;;;;;;;;;
C205178;Samuel;Male;30,00;;;;;;;;;;;;;;;;;;;;;;
C264585;Chloe;Male;52,00;;;;;;;;;;;;;;;;;;;;;;
C145059;Zoey;Male;32,00;;;;;;;;;;;;;;;;;;;;;;
C158616;Penelope;Male;40,00;;;;;;;;;;;;;;;;;;;;;;
C955218;Christopher;Female;53,00;;;;;;;;;;;;;;;;;;;;;;
C710954;Aria;Male;39,00;;;;;;;;;;;;;;;;;;;;;;
C947516;Layla;Female;56,00;;;;;;;;;;;;;;;;;;;;;;
C305734;Evelyn;Female;19,00;;;;;;;;;;;;;;;;;;;;;;
C539840;Chloe;Male;19,00;;;;;;;;;;;;;;;;;;;;;;
C251005;Christopher;Female;67,00;;;;;;;;;;;;;;;;;;;;;;
C136395;Lily;Female;59,00;;;;;;;;;;;;;;;;;;;;;;
C898202;Emily;Male;63,00;;;;;;;;;;;;;;;;;;;;;;
C320598;Grace;Male;68,00;;;;;;;;;;;;;;;;;;;;;;
C339508;Zoey;Male;23,00;;;;;;;;;;;;;;;;;;;;;;
C334518;Joseph;Female;47,00;;;;;;;;;;;;;;;;;;;;;;
C307477;Harper;Female;25,00;;;;;;;;;;;;;;;;;;;;;;
C238833;Amelia;Male;22,00;;;;;;;;;;;;;;;;;;;;;;
C135301;Joshua;Female;60,00;;;;;;;;;;;;;;;;;;;;;;
C993876;Layla;Female;38,00;;;;;;;;;;;;;;;;;;;;;;
C512698;Samuel;Male;59,00;;;;;;;;;;;;;;;;;;;;;;
C618730;Chloe;Male;20,00;;;;;;;;;;;;;;;;;;;;;;
C187608;Zoey;Female;62,00;;;;;;;;;;;;;;;;;;;;;;
C955533;Penelope;Female;56,00;;;;;;;;;;;;;;;;;;;;;;
C195673;Christopher;Female;41,00;;;;;;;;;;;;;;;;;;;;;;
C327796;Aria;Female;39,00;;;;;;;;;;;;;;;;;;;;;;
C524469;Layla;Female;47,00;;;;;;;;;;;;;;;;;;;;;;
C105429;Evelyn;Female;55,00;;;;;;;;;;;;;;;;;;;;;;
C304866;Chloe;Female;30,00;;;;;;;;;;;;;;;;;;;;;;
C304326;Christopher;Male;34,00;;;;;;;;;;;;;;;;;;;;;;
C773181;Lily;Female;53,00;;;;;;;;;;;;;;;;;;;;;;
C467287;Emily;Female;24,00;;;;;;;;;;;;;;;;;;;;;;
C339114;Grace;Male;61,00;;;;;;;;;;;;;;;;;;;;;;
C299514;Zoey;Female;32,00;;;;;;;;;;;;;;;;;;;;;;
C163011;Joseph;Female;51,00;;;;;;;;;;;;;;;;;;;;;;
C120118;Harper;Male;55,00;;;;;;;;;;;;;;;;;;;;;;
C157064;Amelia;Female;49,00;;;;;;;;;;;;;;;;;;;;;;
C670293;Joshua;Female;26,00;;;;;;;;;;;;;;;;;;;;;;
C210060;Layla;Female;56,00;;;;;;;;;;;;;;;;;;;;;;
C254397;Samuel;Male;60,00;;;;;;;;;;;;;;;;;;;;;;
C287355;Chloe;Male;43,00;;;;;;;;;;;;;;;;;;;;;;
C175467;Zoey;Female;69,00;;;;;;;;;;;;;;;;;;;;;;
C109885;Penelope;Male;49,00;;;;;;;;;;;;;;;;;;;;;;
C119723;Christopher;Female;55,00;;;;;;;;;;;;;;;;;;;;;;
C838257;Aria;Male;63,00;;;;;;;;;;;;;;;;;;;;;;
C846690;Layla;Male;36,00;;;;;;;;;;;;;;;;;;;;;;
C185502;Evelyn;Female;28,00;;;;;;;;;;;;;;;;;;;;;;
C176854;Chloe;Male;45,00;;;;;;;;;;;;;;;;;;;;;;
C184727;Christopher;Male;67,00;;;;;;;;;;;;;;;;;;;;;;
C551975;Lily;Female;46,00;;;;;;;;;;;;;;;;;;;;;;
C310676;Emily;Female;59,00;;;;;;;;;;;;;;;;;;;;;;
C107258;Grace;Female;65,00;;;;;;;;;;;;;;;;;;;;;;
C845711;Zoey;Female;34,00;;;;;;;;;;;;;;;;;;;;;;
C709824;Joseph;Female;68,00;;;;;;;;;;;;;;;;;;;;;;
C339202;Harper;Female;50,00;;;;;;;;;;;;;;;;;;;;;;
C162162;Amelia;Male;30,00;;;;;;;;;;;;;;;;;;;;;;
C108465;Joshua;Male;35,00;;;;;;;;;;;;;;;;;;;;;;
C682985;Layla;Male;54,00;;;;;;;;;;;;;;;;;;;;;;
C309367;Samuel;Male;20,00;;;;;;;;;;;;;;;;;;;;;;
C218573;Chloe;Female;58,00;;;;;;;;;;;;;;;;;;;;;;
C175732;Zoey;Male;31,00;;;;;;;;;;;;;;;;;;;;;;
C103461;Penelope;Female;29,00;;;;;;;;;;;;;;;;;;;;;;
C249679;Christopher;Male;47,00;;;;;;;;;;;;;;;;;;;;;;
C178845;Aria;Female;18,00;;;;;;;;;;;;;;;;;;;;;;
C177475;Layla;Female;20,00;;;;;;;;;;;;;;;;;;;;;;
C267852;Evelyn;Female;50,00;;;;;;;;;;;;;;;;;;;;;;
C194974;Chloe;Male;47,00;;;;;;;;;;;;;;;;;;;;;;
C128277;Christopher;Male;48,00;;;;;;;;;;;;;;;;;;;;;;
C502572;Lily;Male;35,00;;;;;;;;;;;;;;;;;;;;;;
C337111;Emily;Female;50,00;;;;;;;;;;;;;;;;;;;;;;
C243037;Grace;Female;41,00;;;;;;;;;;;;;;;;;;;;;;
C334686;Zoey;Female;27,00;;;;;;;;;;;;;;;;;;;;;;
C265568;Joseph;Female;64,00;;;;;;;;;;;;;;;;;;;;;;
C335904;Harper;Male;42,00;;;;;;;;;;;;;;;;;;;;;;
C119157;Amelia;Female;22,00;;;;;;;;;;;;;;;;;;;;;;
C559217;Joshua;Female;64,00;;;;;;;;;;;;;;;;;;;;;;
C280866;Layla;Male;59,00;;;;;;;;;;;;;;;;;;;;;;
C574590;Samuel;Female;53,00;;;;;;;;;;;;;;;;;;;;;;
C919190;Chloe;Male;29,00;;;;;;;;;;;;;;;;;;;;;;
C185049;Zoey;Female;30,00;;;;;;;;;;;;;;;;;;;;;;
C295880;Penelope;Female;50,00;;;;;;;;;;;;;;;;;;;;;;
C245681;Christopher;Female;42,00;;;;;;;;;;;;;;;;;;;;;;
C316015;Aria;Male;23,00;;;;;;;;;;;;;;;;;;;;;;
C111244;Layla;Female;41,00;;;;;;;;;;;;;;;;;;;;;;
C716683;Evelyn;Male;29,00;;;;;;;;;;;;;;;;;;;;;;
C201036;Chloe;Female;59,00;;;;;;;;;;;;;;;;;;;;;;
C136714;Christopher;Female;34,00;;;;;;;;;;;;;;;;;;;;;;
C310969;Lily;Female;22,00;;;;;;;;;;;;;;;;;;;;;;
C750093;Emily;Male;34,00;;;;;;;;;;;;;;;;;;;;;;
C521028;Grace;Female;69,00;;;;;;;;;;;;;;;;;;;;;;
C311482;Zoey;Male;61,00;;;;;;;;;;;;;;;;;;;;;;
C122157;Joseph;Female;44,00;;;;;;;;;;;;;;;;;;;;;;
C369937;Harper;Female;64,00;;;;;;;;;;;;;;;;;;;;;;
C228472;Amelia;Female;40,00;;;;;;;;;;;;;;;;;;;;;;
C209723;Joshua;Male;58,00;;;;;;;;;;;;;;;;;;;;;;
C160421;Layla;Male;23,00;;;;;;;;;;;;;;;;;;;;;;
C162397;Samuel;Male;36,00;;;;;;;;;;;;;;;;;;;;;;
C940481;Chloe;Female;64,00;;;;;;;;;;;;;;;;;;;;;;
C314546;Zoey;Female;60,00;;;;;;;;;;;;;;;;;;;;;;
C271866;Penelope;Male;39,00;;;;;;;;;;;;;;;;;;;;;;
C164577;Christopher;Male;65,00;;;;;;;;;;;;;;;;;;;;;;
C240837;Aria;Male;66,00;;;;;;;;;;;;;;;;;;;;;;
C159771;Layla;Male;52,00;;;;;;;;;;;;;;;;;;;;;;
C126598;Evelyn;Male;33,00;;;;;;;;;;;;;;;;;;;;;;
C882358;Chloe;Male;63,00;;;;;;;;;;;;;;;;;;;;;;
C189942;Christopher;Female;23,00;;;;;;;;;;;;;;;;;;;;;;
C187110;Lily;Female;27,00;;;;;;;;;;;;;;;;;;;;;;
C388552;Emily;Female;22,00;;;;;;;;;;;;;;;;;;;;;;
C110267;Grace;Male;23,00;;;;;;;;;;;;;;;;;;;;;;
C176312;Zoey;Male;38,00;;;;;;;;;;;;;;;;;;;;;;
C863183;Joseph;Male;57,00;;;;;;;;;;;;;;;;;;;;;;
C294679;Harper;Male;21,00;;;;;;;;;;;;;;;;;;;;;;
C539974;Amelia;Female;33,00;;;;;;;;;;;;;;;;;;;;;;
C317223;Joshua;Male;34,00;;;;;;;;;;;;;;;;;;;;;;
C208844;Layla;Male;69,00;;;;;;;;;;;;;;;;;;;;;;
C130720;Samuel;Male;66,00;;;;;;;;;;;;;;;;;;;;;;
C256755;Chloe;Female;46,00;;;;;;;;;;;;;;;;;;;;;;
C222250;Zoey;Male;36,00;;;;;;;;;;;;;;;;;;;;;;
C461133;Penelope;Female;64,00;;;;;;;;;;;;;;;;;;;;;;
C200881;Christopher;Male;53,00;;;;;;;;;;;;;;;;;;;;;;
C164916;Aria;Male;66,00;;;;;;;;;;;;;;;;;;;;;;
C143944;Layla;Female;19,00;;;;;;;;;;;;;;;;;;;;;;
C184428;Evelyn;Female;55,00;;;;;;;;;;;;;;;;;;;;;;
C229001;Chloe;Male;50,00;;;;;;;;;;;;;;;;;;;;;;
C197522;Christopher;Male;39,00;;;;;;;;;;;;;;;;;;;;;;
C299443;Lily;Male;64,00;;;;;;;;;;;;;;;;;;;;;;
C151752;Emily;Male;22,00;;;;;;;;;;;;;;;;;;;;;;
C582235;Grace;Female;49,00;;;;;;;;;;;;;;;;;;;;;;
C128660;Zoey;Female;45,00;;;;;;;;;;;;;;;;;;;;;;
C212483;Joseph;Male;52,00;;;;;;;;;;;;;;;;;;;;;;
C523660;Harper;Male;42,00;;;;;;;;;;;;;;;;;;;;;;
C432354;Amelia;Male;55,00;;;;;;;;;;;;;;;;;;;;;;
C183706;Joshua;Male;63,00;;;;;;;;;;;;;;;;;;;;;;
C211766;Layla;Female;32,00;;;;;;;;;;;;;;;;;;;;;;
C271297;Samuel;Female;49,00;;;;;;;;;;;;;;;;;;;;;;
C307855;Chloe;Female;24,00;;;;;;;;;;;;;;;;;;;;;;
C130682;Zoey;Female;37,00;;;;;;;;;;;;;;;;;;;;;;
C105423;Penelope;Female;41,00;;;;;;;;;;;;;;;;;;;;;;
C193454;Christopher;Female;39,00;;;;;;;;;;;;;;;;;;;;;;
C170711;Aria;Male;19,00;;;;;;;;;;;;;;;;;;;;;;
C399735;Layla;Female;59,00;;;;;;;;;;;;;;;;;;;;;;
C330736;Evelyn;Female;68,00;;;;;;;;;;;;;;;;;;;;;;
C200345;Chloe;Female;52,00;;;;;;;;;;;;;;;;;;;;;;
C101897;Christopher;Female;60,00;;;;;;;;;;;;;;;;;;;;;;
C106311;Lily;Male;39,00;;;;;;;;;;;;;;;;;;;;;;
C334601;Emily;Female;26,00;;;;;;;;;;;;;;;;;;;;;;
C294370;Grace;Female;33,00;;;;;;;;;;;;;;;;;;;;;;
C189027;Zoey;Male;57,00;;;;;;;;;;;;;;;;;;;;;;
C278541;Joseph;Female;52,00;;;;;;;;;;;;;;;;;;;;;;
C274501;Harper;Female;26,00;;;;;;;;;;;;;;;;;;;;;;
C221164;Amelia;Male;63,00;;;;;;;;;;;;;;;;;;;;;;
C260060;Joshua;Female;33,00;;;;;;;;;;;;;;;;;;;;;;
C295466;Layla;Male;55,00;;;;;;;;;;;;;;;;;;;;;;
C145650;Samuel;Female;26,00;;;;;;;;;;;;;;;;;;;;;;
C787279;Chloe;Female;67,00;;;;;;;;;;;;;;;;;;;;;;
C279904;Zoey;Male;64,00;;;;;;;;;;;;;;;;;;;;;;
C382952;Penelope;Male;18,00;;;;;;;;;;;;;;;;;;;;;;
C223465;Christopher;Female;57,00;;;;;;;;;;;;;;;;;;;;;;
C373731;Aria;Female;40,00;;;;;;;;;;;;;;;;;;;;;;
C224169;Layla;Male;46,00;;;;;;;;;;;;;;;;;;;;;;
C276445;Evelyn;Male;21,00;;;;;;;;;;;;;;;;;;;;;;
C194327;Chloe;Female;48,00;;;;;;;;;;;;;;;;;;;;;;
C232136;Christopher;Male;24,00;;;;;;;;;;;;;;;;;;;;;;
C186023;Lily;Male;69,00;;;;;;;;;;;;;;;;;;;;;;
C336395;Emily;Female;45,00;;;;;;;;;;;;;;;;;;;;;;
C183611;Grace;Female;59,00;;;;;;;;;;;;;;;;;;;;;;
C425857;Zoey;Male;43,00;;;;;;;;;;;;;;;;;;;;;;
C935162;Joseph;Female;47,00;;;;;;;;;;;;;;;;;;;;;;
C858254;Harper;Male;33,00;;;;;;;;;;;;;;;;;;;;;;
C284961;Amelia;Male;69,00;;;;;;;;;;;;;;;;;;;;;;
C216268;Joshua;Male;57,00;;;;;;;;;;;;;;;;;;;;;;
