customer_id;Name;gender;age
C278142;Isabella;Female;29
C330779;Liam;Male;68
C282968;Sophia;Female;50
C852668;Emma;Female;44
C269751;Ava;Female;48
C329163;Amelia;Female;34
C305398;Harper;Female;65
C101248;Abigail;Female;19
C165812;Scarlett;Female;19
C339518;Grace;Female;31
C103944;Ethan;Male;42
C260889;Aiden;Male;58
C290344;Benjamin;Male;27
C730395;Zoey;Female;28
C312155;Samuel;Male;55
C259743;Layla;Female;48
C317850;Penelope;Female;20
C236428;William;Male;44
C278588;Nora;Female;35
C154184;Mason;Male;48
C287459;Daniel;Female;22
C790567;Hazel;Male;64
C799447;Alexander;Male;38
C144628;Henry;Female;45
C260810;Violet;Female;41
C670524;Addison;Female;57
C314173;Oliver;Female;60
C122712;Bella;Female;44
C276111;Lucy;Male;38
C277924;Sebastian;Male;65
C286466;Stella;Male;30
C327001;Aurora;Female;50
C509924;Matthew;Female;19
C453635;Jackson;Male;26
C259539;David;Female;54
C729392;Ellie;Female;63
C280085;Hannah;Female;66
C767634;Leah;Female;48
C230018;Joseph;Male;46
C238063;Madison;Male;54
C308584;Andrew;Male;62
C216619;Willow;Female;64
C241523;Zoe;Male;55
C209761;Nora;Female;20
C329153;Ethan;Male;41
C126702;Claire;Male;54
C287787;Audrey;Male;34
C142943;Bella;Female;31
C100484;Emily;Male;48
C260213;Aria;Female;44
C210589;Benjamin;Female;42
C885556;Henry;Male;25
C944366;James;Male;64
C462011;William;Female;67
C262366;Sophie;Female;55
C212400;Scarlett;Female;62
C204307;Alexander;Female;54
C162871;Ava;Female;43
C119825;Chloe;Female;30
C260171;Grace;Female;58
C244973;Lily;Male;49
C208765;Mia;Female;49
C321053;Olivia;Female;19
C183356;Noah;Female;58
C486241;Mason;Female;21
C306892;Evelyn;Male;21
C266819;Abigail;Male;63
C317897;Zoe;Male;30
C545424;Samuel;Male;66
C224223;Daniel;Female;23
C286181;Benjamin;Female;69
C144371;Layla;Female;45
C402433;Victoria;Male;53
C297425;Liam;Female;50
C222906;Isabella;Female;45
C309079;Aiden;Female;36
C116633;Sophia;Female;61
C259606;Noah;Female;46
C333065;Emma;Male;47
C211494;Ava;Female;38
C302831;William;Female;41
C282397;Olivia;Male;29
C233697;Mia;Female;58
C129976;Amelia;Male;69
C324783;Liam;Male;26
C281502;Ethan;Male;53
C433234;Sophia;Female;63
C167183;Olivia;Female;54
C311195;Ava;Female;54
C107399;Noah;Male;45
C992967;Amelia;Female;62
C220859;Evelyn;Female;44
C285422;Benjamin;Male;50
C217049;Samuel;Male;31
C141094;Michael;Male;62
C310628;Emily;Female;20
C297711;Abigail;Female;65
C211354;Grace;Female;63
C281864;Chloe;Female;57
C234177;Lily;Female;59
C335822;Ella;Female;44
C653357;Scarlett;Male;65
C327084;Mia;Female;68
C218706;Layla;Female;21
C321931;Penelope;Female;33
C403983;Victoria;Female;23
C137912;Hazel;Female;49
C229733;Oliver;Male;57
C304835;Addison;Female;54
C124933;Natalie;Female;41
C111115;Isabella;Female;21
C162574;Hannah;Female;58
C331880;William;Male;53
C291911;Nora;Female;53
C153958;Matthew;Male;39
C125209;Stella;Female;21
C320640;Aurora;Female;51
C803666;James;Male;50
C134691;Eleanor;Female;50
C729802;Joseph;Male;61
C252250;Audrey;Male;44
C208545;Bella;Female;31
C310975;Andrew;Male;64
C109758;Alexander;Male;50
C387164;Claire;Female;29
C135196;Jackson;Female;33
C284031;David;Male;29
C259260;Ellie;Male;65
C109593;Samantha;Female;66
C270238;Leah;Male;54
C308978;Joshua;Male;44
C221607;Madison;Male;46
C115148;Ethan;Male;37
C253248;Willow;Female;22
C290760;Zoe;Female;55
C209440;Anthony;Male;24
C203263;Savannah;Female;43
C232103;Ruby;Male;40
C213360;Kennedy;Female;22
C246484;Ryan;Female;48
C197019;John;Female;56
C947114;Matthew;Male;25
C115431;Sophie;Male;30
C266394;Scarlett;Female;49
C122371;Lucas;Male;57
C736428;Ava;Female;46
C127339;Chloe;Male;29
C164662;Grace;Female;69
C248884;Lily;Female;42
C100684;Mia;Female;38
C240688;Olivia;Female;46
C246364;Noah;Male;31
C195413;Amelia;Male;26
C197308;Harper;Female;48
C264767;Mason;Male;30
C299172;Evelyn;Male;56
C994327;Abigail;Male;65
C337644;Zoe;Female;53
C175449;Samuel;Female;43
C249092;Daniel;Male;26
C432132;Benjamin;Male;23
C289802;Layla;Female;54
C194330;Victoria;Male;56
C127945;Liam;Female;37
C202057;Isabella;Male;48
C315209;Ethan;Male;56
C323605;Aiden;Female;58
C282395;Sophia;Female;40
C109491;Noah;Female;38
C261194;Emma;Female;40
C232330;Ava;Male;64
C737782;William;Male;28
C230641;Mia;Male;51
C805154;Amelia;Male;22
C330021;Benjamin;Female;67
C107668;Emma;Female;22
C209722;Olivia;Female;26
C210614;Ava;Female;42
C212378;Sophia;Female;45
C313586;Isabella;Female;43
C272779;Amelia;Female;49
C100507;Noah;Male;33
C190072;Harper;Female;65
C111827;James;Male;40
C203955;Benjamin;Male;68
C680169;Evelyn;Female;26
C281091;William;Male;38
C209122;Abigail;Female;56
C231964;Alexander;Male;19
C291641;Scarlett;Female;18
C315386;Michael;Male;55
C290158;Grace;Female;53
C226218;Chloe;Female;69
C633946;Ethan;Male;27
C118742;Nora;Female;36
C218295;Layla;Female;61
C636874;Lily;Female;43
C310472;Penelope;Female;51
C119440;Daniel;Male;38
C230305;Henry;Male;34
C197131;Jackson;Male;23
C278721;David;Male;56
C834257;Madison;Female;59
C242041;Anthony;Male;43
C892871;Christopher;Male;55
C280596;Matthew;Male;40
C703073;Andrew;Female;43
C282097;Zoey;Male;59
C179726;Joshua;Male;24
C838282;Ryan;Female;63
C181939;John;Male;31
C755148;Aria;Female;69
C282107;Nathan;Female;36
C102560;Samuel;Female;54
C229670;Harper;Male;22
C269986;Benjamin;Male;39
C191300;Layla;Male;26
C167158;Michael;Male;44
C318225;Penelope;Female;35
C101108;Hazel;Female;66
C103073;Scarlett;Male;61
C299787;Oliver;Female;30
C555827;Amelia;Male;55
C992695;Ava;Female;22
C178176;Mason;Female;51
C211245;Ethan;Male;53
C139231;Grace;Female;54
C339339;William;Male;34
C321993;Liam;Female;49
C226519;Isabella;Female;41
C715684;Harper;Female;34
C328195;Evelyn;Female;59
C284366;Abigail;Female;20
C354398;Lily;Female;23
C317063;Benjamin;Female;25
C156360;Samuel;Female;63
C474896;Michael;Male;68
C140082;Henry;Male;58
C240510;Scarlett;Male;58
C292758;Matthew;Male;47
C222262;Christopher;Female;22
C130016;Zoey;Female;51
C305749;Joshua;Male;56
C316261;Ryan;Male;33
C178487;John;Male;27
C205731;Aria;Male;50
C171122;Nathan;Female;49
C266021;Samuel;Female;52
C576719;Harper;Male;54
C254022;Benjamin;Male;19
C121489;Layla;Female;49
C211545;Michael;Female;44
C245349;Penelope;Male;69
C644605;Hazel;Female;41
C293936;Scarlett;Female;25
C387282;Oliver;Female;51
C405837;Amelia;Female;53
C193298;Ava;Female;20
C363987;Mason;Male;62
C995929;Ethan;Female;30
C236969;Grace;Female;47
C145797;William;Male;40
C241450;Liam;Female;35
C196296;Isabella;Female;41
C306908;Harper;Female;48
C141984;Evelyn;Male;26
C720642;Abigail;Female;27
C270638;Lily;Female;26
C858536;Benjamin;Female;65
C289573;Samuel;Female;25
C122094;Michael;Female;19
C162986;Henry;Male;21
C271881;Emma;Female;61
C214260;Olivia;Female;65
C209210;Ava;Female;23
C296477;Liam;Male;42
C134069;Noah;Male;33
C241442;Sophia;Female;54
C312418;Amelia;Female;67
C127004;Harper;Female;41
C198868;Evelyn;Female;57
C173860;Isabella;Female;35
C186098;James;Male;62
C285261;Benjamin;Male;26
C214662;William;Male;48
C163444;Emily;Female;57
C533520;Abigail;Female;53
C339565;Ethan;Male;58
C202977;Mia;Female;32
C237063;Charlotte;Female;23
C108497;Scarlett;Female;49
C219299;Grace;Female;26
C247547;Ella;Female;62
C190917;Michael;Male;30
C337220;Avery;Female;28
C217919;Sofia;Female;65
C112544;Lily;Female;56
C168912;Daniel;Female;40
C279747;Layla;Male;55
C249401;Chloe;Female;61
C128618;Zoey;Female;35
C182105;Henry;Female;37
C331127;Alexander;Male;32
C286564;Nora;Female;68
C188064;Aria;Female;44
C293329;Scarlett;Female;61
C113739;Harper;Male;38
C836254;Matthew;Female;66
C245894;Amelia;Female;53
C144894;Ava;Female;21
C190794;William;Male;61
C142508;Olivia;Female;32
C135555;Mia;Female;46
C501563;Sophia;Male;25
C152590;James;Female;49
C772839;Amelia;Female;26
C623421;Harper;Female;40
C222949;Benjamin;Female;20
C133451;Layla;Female;38
C195342;Nora;Female;63
C336400;Aria;Male;25
C175833;Henry;Female;19
C246602;Penelope;Female;53
C329003;Scarlett;Female;51
C270340;Harper;Male;56
C330141;Aria;Male;29
C121707;Chloe;Female;20
C112452;Ella;Female;35
C269710;Grace;Female;62
C297610;Lily;Female;32
C319935;Benjamin;Male;48
C785507;Samuel;Male;43
C217834;Michael;Female;57
C709370;Henry;Male;33
C216369;Scarlett;Female;49
C322689;Matthew;Female;29
C146203;Christopher;Female;43
C611809;Zoey;Female;36
C210236;Joshua;Female;59
C297118;Ryan;Female;31
C180586;John;Female;51
C314705;Aria;Male;27
C272419;Nathan;Female;62
C282520;Samuel;Male;44
C319624;Harper;Female;18
C264687;Benjamin;Female;52
C140543;Layla;Male;60
C339391;Michael;Female;34
C285587;Penelope;Male;47
C137134;Hazel;Female;58
C103896;Scarlett;Female;51
C315479;Oliver;Female;32
C181912;Amelia;Female;23
C335107;Ava;Female;38
C121510;Mason;Male;63
C477489;Ethan;Female;50
C331382;Grace;Male;64
C554087;William;Male;51
C226252;Liam;Male;21
C227695;Isabella;Female;20
C246136;Harper;Male;34
C170928;Evelyn;Female;26
C200317;Abigail;Female;19
C192979;Lily;Female;47
C198568;Benjamin;Male;47
C251518;Samuel;Female;56
C215210;Michael;Male;42
C271571;Henry;Male;49
C303444;Scarlett;Female;51
C506925;Matthew;Female;41
C294604;Christopher;Male;27
C190939;Zoey;Female;61
C129849;Emma;Female;38
C235178;Liam;Male;42
C267843;Noah;Male;58
C186861;Olivia;Female;57
C219983;Elijah;Male;23
C250033;Ava;Female;62
C506663;Oliver;Male;31
C235482;Sophia;Female;54
C781893;Aiden;Male;19
C328444;Caden;Male;68
C307592;Jackson;Male;44
C541983;Amelia;Female;44
C283381;Isabella;Female;29
C301099;Mia;Female;67
C246641;Harper;Female;28
C312617;Abigail;Female;34
C204164;Lucas;Male;45
C259798;Emily;Female;55
C215336;Elizabeth;Female;69
C339648;Ethan;Male;30
C290275;Scarlett;Female;38
C230120;Mason;Male;39
C478733;Layla;Female;63
C201255;Alexander;Male;49
C289918;Evelyn;Female;66
C937123;Grace;Female;68
C322924;Carter;Male;18
C690345;Lily;Female;42
C247049;Amelia;Female;54
C280253;Henry;Male;43
C169477;Samuel;Male;54
C131819;Benjamin;Male;43
C442324;Elijah;Male;44
C114347;Oliver;Male;36
C216456;Harper;Female;41
C152833;Abigail;Female;45
C171160;Emily;Female;41
C259884;Ethan;Male;58
C114606;Scarlett;Female;34
C216025;Layla;Female;67
C884264;Alexander;Male;60
C697667;Evelyn;Female;31
C136585;Grace;Female;52
C146582;Carter;Male;25
C129039;Lily;Female;22
C183846;Amelia;Female;34
C297404;Henry;Male;30
C127819;Samuel;Female;25
C127718;Benjamin;Female;48
C230543;Elijah;Male;30
C302358;Olivia;Female;30
C105060;Ava;Female;36
C182606;Noah;Female;52
C295864;Sophia;Male;33
C323307;Emma;Male;69
C104350;Aiden;Female;46
C282281;Mia;Female;65
C506887;Harper;Male;27
C528686;Amelia;Female;42
C157218;Abigail;Female;56
C172691;Emily;Female;68
C330221;Liam;Male;64
C336104;Oliver;Male;59
C807852;Mason;Female;68
C128312;Alexander;Male;25
C150950;Benjamin;Female;40
C305706;Scarlett;Female;18
C310310;Layla;Male;56
C414958;Evelyn;Female;36
C296534;Henry;Female;30
C234534;Samuel;Female;52
C247694;Elijah;Female;24
C141657;Olivia;Female;30
C156233;Ava;Female;45
C354331;Noah;Male;29
C131221;Sophia;Male;24
C123445;Emma;Female;46
C207443;Aiden;Female;65
C137762;Mia;Female;26
C152904;Harper;Female;58
C216194;Amelia;Female;45
C207415;Abigail;Male;43
C621747;Emily;Female;25
C621794;Liam;Female;53
C218289;Oliver;Female;63
C235878;Mason;Female;37
C251446;Alexander;Female;68
C708005;Benjamin;Female;67
C323349;Scarlett;Female;29
C180375;Layla;Female;55
C254007;Evelyn;Male;30
C908169;Henry;Female;57
C587022;Samuel;Male;33
C485257;Elijah;Female;54
C196813;Olivia;Female;66
C242182;Ava;Male;56
C331182;Noah;Male;30
C206713;Sophia;Female;19
C376889;Emma;Female;22
C333202;Aiden;Male;29
C147456;Liam;Male;44
C221830;Olivia;Female;38
C634747;Emma;Female;32
C108986;Ava;Female;58
C205202;Sophia;Female;55
C160680;Isabella;Female;64
C805973;Mia;Female;45
C246456;Amelia;Female;65
C293191;Harper;Female;54
C248510;Noah;Male;58
C102849;Evelyn;Female;40
C732384;James;Male;24
C121299;Emily;Female;60
C103741;Abigail;Female;60
C660491;Benjamin;Male;66
C323696;Elijah;Male;59
C274788;Charlotte;Male;69
C158968;Mason;Female;47
C289495;Scarlett;Male;39
C646756;Grace;Female;54
C193824;William;Female;67
C226996;Harper;Male;30
C276008;Layla;Female;27
C282899;Alexander;Female;52
C323659;Evelyn;Female;57
C158270;Ella;Male;52
C170969;Aria;Male;20
C170219;Ethan;Female;52
C111026;Henry;Female;67
C760307;Penelope;Female;20
C183888;Chloe;Female;64
C144823;Scarlett;Female;20
C211277;Grace;Female;60
C204782;Zoey;Female;36
C184882;Harper;Female;29
C228532;Abigail;Female;45
C315826;Emily;Female;18
C339071;James;Female;54
C219304;Benjamin;Male;45
C192474;Elijah;Female;59
C398415;Oliver;Female;49
C391672;Harper;Male;61
C275887;Abigail;Female;28
C198086;Emily;Female;36
C822515;Ethan;Female;69
C871318;Scarlett;Female;27
C199664;Layla;Female;30
C820137;Evelyn;Male;67
C521673;Henry;Male;66
C149637;Samuel;Female;52
C743273;Alexander;Male;69
C130273;Benjamin;Female;63
C240389;Olivia;Female;20
C470346;Ava;Female;23
C423734;Noah;Male;47
C139077;Sophia;Male;43
C842431;Emma;Male;55
C102301;Aiden;Male;25
C222159;Mia;Female;62
C204727;Harper;Female;23
C325158;Amelia;Female;48
C649525;Abigail;Male;64
C283221;Emily;Female;50
C153509;Liam;Female;42
C290548;Oliver;Male;43
C133134;Mason;Female;25
C245539;Alexander;Male;66
C110711;Benjamin;Female;41
C141093;Scarlett;Female;37
C299644;Layla;Female;43
C141285;Evelyn;Female;19
C120095;Henry;Female;64
C130462;Samuel;Female;39
C116092;Elijah;Female;21
C152098;Olivia;Male;51
C766767;Ava;Male;67
C322195;Noah;Male;54
C114713;Sophia;Female;21
C189364;Emma;Male;29
C150584;Aiden;Female;32
C275695;Mia;Female;55
C614595;Harper;Male;24
C300832;Amelia;Male;37
C241238;Abigail;Female;53
C182162;Emily;Female;43
C328169;Liam;Female;39
C121380;Oliver;Female;37
C788630;Mason;Female;58
C143781;Alexander;Male;28
C285797;Benjamin;Male;45
C174330;Scarlett;Female;21
C430942;Layla;Female;39
C270543;Evelyn;Male;23
C102275;Henry;Male;41
C841591;Samuel;Female;26
C162681;Elijah;Male;51
C716629;Olivia;Male;49
C512978;Ava;Male;45
C289069;Noah;Male;33
C812425;Sophia;Female;53
C200576;Emma;Female;32
C155221;Aiden;Male;40
C251062;Mia;Male;60
C335061;Harper;Female;37
C283983;Amelia;Female;56
C315999;Abigail;Female;55
C987230;Emily;Male;68
C921649;Liam;Female;54
C327823;Oliver;Female;56
C203598;Mason;Male;27
C224753;Alexander;Female;41
C270797;Benjamin;Male;59
C249974;Scarlett;Male;62
C132495;Layla;Male;32
C304747;Evelyn;Male;47
C266724;Henry;Female;42
C494615;Samuel;Male;33
C252265;Elijah;Male;66
C319806;Olivia;Female;55
C219548;Ava;Female;24
C184052;Noah;Female;64
C206253;Sophia;Female;27
C249725;Emma;Female;62
C224881;Aiden;Female;68
C321914;Mia;Female;62
C209245;Harper;Male;36
C130895;Amelia;Male;64
C207573;Abigail;Male;22
C257469;Emily;Female;26
C795627;Liam;Female;37
C194674;Oliver;Female;47
C774214;Mason;Female;40
C120804;Alexander;Female;58
C156004;Benjamin;Male;32
C596756;Scarlett;Female;36
C251433;Layla;Female;56
C288298;Evelyn;Female;41
C148675;Henry;Female;34
C270726;Samuel;Female;37
C105474;Elijah;Female;55
C829423;Olivia;Female;25
C111251;Ava;Female;50
C269506;Noah;Male;66
C127041;Sophia;Male;52
C870412;Emma;Female;24
C108367;Aiden;Male;52
C191673;Mia;Male;43
C979970;Harper;Male;41
C324708;Amelia;Female;28
C289614;Abigail;Male;31
C103877;Emily;Female;41
C264659;Liam;Male;21
C108756;Oliver;Female;45
C253975;Mason;Female;41
C773134;Alexander;Male;42
C433673;Benjamin;Male;50
C271450;Scarlett;Female;42
C327098;Layla;Female;25
C132270;Evelyn;Female;39
C193793;Henry;Male;23
C320229;Samuel;Male;67
C275631;Elijah;Female;42
C462416;Olivia;Female;63
C245407;Ava;Male;53
C269497;Noah;Male;32
C190709;Sophia;Male;43
C291389;Emma;Female;22
C593370;Aiden;Male;30
C303552;Mia;Female;20
C747740;Harper;Female;40
C791362;Amelia;Male;61
C132400;Abigail;Male;44
C677850;Emily;Female;55
C263908;Liam;Female;54
C205165;Oliver;Male;23
C290106;Mason;Female;61
C174747;Alexander;Male;37
C191147;Benjamin;Female;43
C249906;Scarlett;Male;33
C129846;Layla;Male;18
C155333;Evelyn;Female;30
C272155;Henry;Female;68
C266213;Samuel;Male;34
C622685;Elijah;Female;34
C832010;Olivia;Female;59
C288597;Ava;Female;22
C259229;Noah;Female;30
C724217;Sophia;Female;50
C913425;Emma;Female;68
C255828;Aiden;Female;49
C219791;Mia;Male;38
C981925;Harper;Male;51
C237757;Amelia;Male;44
C238083;Abigail;Male;64
C306266;Emily;Female;31
C199858;Liam;Female;34
C179915;Oliver;Male;40
C307014;Mason;Female;58
C280853;Alexander;Male;56
C106066;Benjamin;Female;57
C257683;Emma;Female;38
C364009;Olivia;Female;55
C325548;Ava;Female;23
C606953;Liam;Male;66
C920331;Noah;Male;27
C140413;Sophia;Female;58
C323469;Isabella;Female;32
C336888;James;Male;57
C148034;Benjamin;Male;43
C724391;Mia;Female;56
C180485;Charlotte;Female;40
C323464;Amelia;Female;60
C326699;William;Male;41
C632826;Michael;Male;41
C196337;Harper;Female;54
C258995;Evelyn;Female;42
C246847;Daniel;Male;56
C282894;Scarlett;Female;32
C125304;Joseph;Male;59
C496516;Grace;Female;50
C831048;David;Male;23
C208819;Ethan;Male;50
C804531;Nora;Female;55
C237182;Matthew;Male;62
C131599;Layla;Female;32
C191057;Samuel;Male;37
C195284;Chloe;Female;63
C800785;Zoey;Female;18
C236711;Penelope;Female;22
C118689;Christopher;Male;51
C194063;Aria;Female;52
C210393;Andrew;Male;30
C261316;Lily;Male;32
C177823;Benjamin;Female;46
C748439;Grace;Male;31
C245715;Michael;Female;30
C220780;Henry;Male;24
C126392;Abigail;Male;25
C149849;Joseph;Female;25
C168310;Emily;Female;31
C126647;Alexander;Female;54
C278752;Harper;Female;57
C111668;William;Male;25
C119364;Scarlett;Female;44
C158114;Amelia;Female;43
C195508;Joshua;Male;18
C317968;Layla;Female;57
C809683;Samuel;Female;25
C228735;Chloe;Female;50
C278483;Zoey;Male;49
C158261;Penelope;Male;21
C102607;Henry;Male;38
C808112;Michael;Male;65
C145982;Grace;Female;32
C325166;Alexander;Female;47
C266175;Harper;Female;53
C213718;Amelia;Male;34
C184322;Daniel;Female;61
C478668;Benjamin;Female;19
C331539;Aria;Female;61
C193813;Layla;Male;33
C716870;Evelyn;Female;53
C168973;Chloe;Male;68
C297748;Christopher;Male;37
C678680;Lily;Male;69
C119032;Emily;Female;40
C134708;Grace;Female;67
C100299;Zoey;Female;22
C214164;Joseph;Female;34
C299327;Harper;Female;34
C333988;Amelia;Female;56
C110568;Joshua;Male;26
C132150;Layla;Female;69
C224260;Samuel;Female;67
C314993;Chloe;Male;61
C183588;Zoey;Female;26
C211763;Penelope;Male;63
C246898;Christopher;Female;51
C281244;Aria;Male;60
C288863;Layla;Female;26
C582997;Evelyn;Male;34
C240916;Chloe;Female;25
C108007;Christopher;Male;49
C104963;Lily;Male;69
C286640;Emily;Male;66
C156880;Grace;Male;23
C129686;Zoey;Female;18
C864800;Joseph;Male;24
C223982;Harper;Female;39
C158827;Amelia;Female;50
C253252;Joshua;Male;52
C592891;Layla;Male;56
C287380;Samuel;Female;41
C897202;Chloe;Female;21
C618494;Zoey;Male;42
C228922;Penelope;Female;50
C101074;Christopher;Female;53
C242798;Aria;Female;32
C293612;Layla;Female;60
C299567;Evelyn;Male;34
C352919;Chloe;Female;24
C152959;Christopher;Female;44
C104690;Lily;Female;32
C285884;Emily;Female;42
C257559;Grace;Male;23
C261635;Zoey;Male;33
C316806;Joseph;Male;64
C272133;Harper;Female;69
C112446;Amelia;Male;30
C666466;Joshua;Female;66
C116531;Layla;Female;68
C171015;Samuel;Female;48
C480735;Chloe;Male;52
C290819;Zoey;Female;39
C202988;Penelope;Female;29
C306346;Christopher;Female;48
C127551;Aria;Male;50
C794449;Layla;Male;28
C335131;Evelyn;Male;64
C289650;Chloe;Female;36
C230619;Christopher;Male;64
C832397;Lily;Female;54
C277384;Emily;Female;31
C296318;Grace;Male;49
C813874;Zoey;Female;51
C291970;Joseph;Male;37
C524507;Harper;Male;52
C230270;Amelia;Female;64
C307870;Joshua;Female;65
C294623;Layla;Female;53
C205178;Samuel;Male;30
C264585;Chloe;Male;52
C145059;Zoey;Male;32
C158616;Penelope;Male;40
C955218;Christopher;Female;53
C710954;Aria;Male;39
C947516;Layla;Female;56
C305734;Evelyn;Female;19
C539840;Chloe;Male;19
C251005;Christopher;Female;67
C136395;Lily;Female;59
C898202;Emily;Male;63
C320598;Grace;Male;68
C339508;Zoey;Male;23
C334518;Joseph;Female;47
C307477;Harper;Female;25
C238833;Amelia;Male;22
C135301;Joshua;Female;60
C993876;Layla;Female;38
C512698;Samuel;Male;59
C618730;Chloe;Male;20
C187608;Zoey;Female;62
C955533;Penelope;Female;56
C195673;Christopher;Female;41
C327796;Aria;Female;39
C524469;Layla;Female;47
C105429;Evelyn;Female;55
C304866;Chloe;Female;30
C304326;Christopher;Male;34
C773181;Lily;Female;53
C467287;Emily;Female;24
C339114;Grace;Male;61
C299514;Zoey;Female;32
C163011;Joseph;Female;51
C120118;Harper;Male;55
C157064;Amelia;Female;49
C670293;Joshua;Female;26
C210060;Layla;Female;56
C254397;Samuel;Male;60
C287355;Chloe;Male;43
C175467;Zoey;Female;69
C109885;Penelope;Male;49
C119723;Christopher;Female;55
C838257;Aria;Male;63
C846690;Layla;Male;36
C185502;Evelyn;Female;28
C176854;Chloe;Male;45
C184727;Christopher;Male;67
C551975;Lily;Female;46
C310676;Emily;Female;59
C107258;Grace;Female;65
C845711;Zoey;Female;34
C709824;Joseph;Female;68
C339202;Harper;Female;50
C162162;Amelia;Male;30
C108465;Joshua;Male;35
C682985;Layla;Male;54
C309367;Samuel;Male;20
C218573;Chloe;Female;58
C175732;Zoey;Male;31
C103461;Penelope;Female;29
C249679;Christopher;Male;47
C178845;Aria;Female;18
C177475;Layla;Female;20
C267852;Evelyn;Female;50
C194974;Chloe;Male;47
C128277;Christopher;Male;48
C502572;Lily;Male;35
C337111;Emily;Female;50
C243037;Grace;Female;41
C334686;Zoey;Female;27
C265568;Joseph;Female;64
C335904;Harper;Male;42
C119157;Amelia;Female;22
C559217;Joshua;Female;64
C280866;Layla;Male;59
C574590;Samuel;Female;53
C919190;Chloe;Male;29
C185049;Zoey;Female;30
C295880;Penelope;Female;50
C245681;Christopher;Female;42
C316015;Aria;Male;23
C111244;Layla;Female;41
C716683;Evelyn;Male;29
C201036;Chloe;Female;59
C136714;Christopher;Female;34
C310969;Lily;Female;22
C750093;Emily;Male;34
C521028;Grace;Female;69
C311482;Zoey;Male;61
C122157;Joseph;Female;44
C369937;Harper;Female;64
C228472;Amelia;Female;40
C209723;Joshua;Male;58
C160421;Layla;Male;23
C162397;Samuel;Male;36
C940481;Chloe;Female;64
C314546;Zoey;Female;60
C271866;Penelope;Male;39
C164577;Christopher;Male;65
C240837;Aria;Male;66
C159771;Layla;Male;52
C126598;Evelyn;Male;33
C882358;Chloe;Male;63
C189942;Christopher;Female;23
C187110;Lily;Female;27
C388552;Emily;Female;22
C110267;Grace;Male;23
C176312;Zoey;Male;38
C863183;Joseph;Male;57
C294679;Harper;Male;21
C539974;Amelia;Female;33
C317223;Joshua;Male;34
C208844;Layla;Male;69
C130720;Samuel;Male;66
C256755;Chloe;Female;46
C222250;Zoey;Male;36
C461133;Penelope;Female;64
C200881;Christopher;Male;53
C164916;Aria;Male;66
C143944;Layla;Female;19
C184428;Evelyn;Female;55
C229001;Chloe;Male;50
C197522;Christopher;Male;39
C299443;Lily;Male;64
C151752;Emily;Male;22
C582235;Grace;Female;49
C128660;Zoey;Female;45
C212483;Joseph;Male;52
C523660;Harper;Male;42
C432354;Amelia;Male;55
C183706;Joshua;Male;63
C211766;Layla;Female;32
C271297;Samuel;Female;49
C307855;Chloe;Female;24
C130682;Zoey;Female;37
C105423;Penelope;Female;41
C193454;Christopher;Female;39
C170711;Aria;Male;19
C399735;Layla;Female;59
C330736;Evelyn;Female;68
C200345;Chloe;Female;52
C101897;Christopher;Female;60
C106311;Lily;Male;39
C334601;Emily;Female;26
C294370;Grace;Female;33
C189027;Zoey;Male;57
C278541;Joseph;Female;52
C274501;Harper;Female;26
C221164;Amelia;Male;63
C260060;Joshua;Female;33
C295466;Layla;Male;55
C145650;Samuel;Female;26
C787279;Chloe;Female;67
C279904;Zoey;Male;64
C382952;Penelope;Male;18
C223465;Christopher;Female;57
C373731;Aria;Female;40
C224169;Layla;Male;46
C276445;Evelyn;Male;21
C194327;Chloe;Female;48
C232136;Christopher;Male;24
C186023;Lily;Male;69
C336395;Emily;Female;45
C183611;Grace;Female;59
C425857;Zoey;Male;43
C935162;Joseph;Female;47
C858254;Harper;Male;33
C284961;Amelia;Male;69
C216268;Joshua;Male;57
