Product_id;category;Product;Stock;Price;;;;;;;;;;;;;;;;;;;;;
PRD00001   ;Cosmetics;BeautyGlow Cosmetics;100;Rp250,000;;;;;;;;;;;;;;;;;;;;;
PRD00002;Cosmetics;GlamourLuxe Cosmetics;50;Rp50,000;;;;;;;;;;;;;;;;;;;;;
PRD00003;Cosmetics;ForeverYouth Cosmetics;20;Rp1,000,000;;;;;;;;;;;;;;;;;;;;;
PRD00004;Toys;SweetDreams Toys;80;Rp150,000;;;;;;;;;;;;;;;;;;;;;
PRD00005;Clothing;PlayfulWonders Toys;75;Rp180,000;;;;;;;;;;;;;;;;;;;;;
PRD00006;Souvenir;StarFashion Clothing;4000,00%;Rp300,000;;;;;;;;;;;;;;;;;;;;;
PRD00007;Toys;TrendyChic Souvenir;6000,00%;Rp220,000;;;;;;;;;;;;;;;;;;;;;
PRD00008;Clothing;WhimsicalJoy Toys;10000,00%;Rp120,000;;;;;;;;;;;;;;;;;;;;;
PRD00009;Shoes;UrbanEssence Clothing;9000,00%;Rp150,000;;;;;;;;;;;;;;;;;;;;;
PRD00010;Food & Beverage;FlavorFusion Food & Beverage;12000,00%;Rp160,000;;;;;;;;;;;;;;;;;;;;;
PRD00011;Cosmetics;ColorPop Cosmetics;5000,00%;Rp280,000;;;;;;;;;;;;;;;;;;;;;
PRD00012;Food & Beverage;TastyDelights Food & Beverage;7000,00%;Rp190,000;;;;;;;;;;;;;;;;;;;;;
PRD00013;Clothing;UrbanStreet Clothing;3000,00%;Rp280,000;;;;;;;;;;;;;;;;;;;;;
PRD00014;Food & Beverage;SparkleJoy Toys;4500,00%;Rp200,000;;;;;;;;;;;;;;;;;;;;;
PRD00015;Toys;;5500,00%;Rp230,000;;;;;;;;;;;;;;;;;;;;;
PRD00016;Clothing;;6500,00%;Rp170,000;;;;;;;;;;;;;;;;;;;;;
PRD00017;Books;TropicalTreats Food & Beverage;12000,00%;Rp100,000;;;;;;;;;;;;;;;;;;;;;
PRD00018;Cosmetics;LittleExplorers Toys;4000,00%;Rp220,000;;;;;;;;;;;;;;;;;;;;;
PRD00019;Cosmetics;ComfyCozy Clothing;10000,00%;Rp80,000;;;;;;;;;;;;;;;;;;;;;
PRD00020;Souvenir;PageTurners Books;2500,00%;Rp800,000;;;;;;;;;;;;;;;;;;;;;
PRD00021;Food & Beverage;BlossomBeauty Cosmetics;3000,00%;Rp250,000;;;;;;;;;;;;;;;;;;;;;
PRD00022;Cosmetics;Wanderlust Souvenir;1500,00%;Rp1,500,000;;;;;;;;;;;;;;;;;;;;;
PRD00023;Souvenir;CandyLand Food & Beverage;6000,00%;Rp280,000;;;;;;;;;;;;;;;;;;;;;
PRD00024;Food & Beverage;MagicWings Toys;7000,00%;Rp180,000;;;;;;;;;;;;;;;;;;;;;
PRD00025;Toys;EnchantedThreads Clothing;8000,00%;Rp120,000;;;;;;;;;;;;;;;;;;;;;
PRD00026;Toys;TechGeek Clothing;2000,00%;Rp280,000;;;;;;;;;;;;;;;;;;;;;
PRD00027;Clothing;CoastalBreeze Clothing;150;Rp50,000;;;;;;;;;;;;;;;;;;;;;
PRD00028;Cosmetics;HappyFeet Shoes;55;Rp210,000;;;;;;;;;;;;;;;;;;;;;
PRD00029;Cosmetics;SweetIndulgence Food & Beverage;25;Rp320,000;;;;;;;;;;;;;;;;;;;;;
PRD00030;Clothing;WildAdventures Clothing;90;Rp40,000;;;;;;;;;;;;;;;;;;;;;
PRD00031;Technology;EleganceEve Cosmetics;60;Rp140,000;;;;;;;;;;;;;;;;;;;;;
PRD00032;Clothing;CozyNest Clothing;70;Rp70,000;;;;;;;;;;;;;;;;;;;;;
PRD00033;Clothing;UrbanGlam Clothing;35;Rp320,000;;;;;;;;;;;;;;;;;;;;;
PRD00034;Souvenir;SeaBreeze Souvenir;40;Rp60,000;;;;;;;;;;;;;;;;;;;;;
PRD00035;Shoes;WalkInWonder Shoes;100;Rp90,000;;;;;;;;;;;;;;;;;;;;;
PRD00036;Souvenir;Sun-Kissed Cosmetics;80;Rp200,000;;;;;;;;;;;;;;;;;;;;;
PRD00037;Cosmetics;DreamWardrobe Clothing;70;Rp120,000;;;;;;;;;;;;;;;;;;;;;
PRD00038;Food & Beverage;GourmetFlavors Food & Beverage;50;Rp180,000;;;;;;;;;;;;;;;;;;;;;
PRD00039;Books;UrbanTrinkets Souvenir;120;Rp50,000;;;;;;;;;;;;;;;;;;;;;
PRD00040;Food & Beverage;CitySights Toys;60;Rp180,000;;;;;;;;;;;;;;;;;;;;;
PRD00041;Cosmetics;WhisperingPages Books;40;Rp160,000;;;;;;;;;;;;;;;;;;;;;
PRD00042;Food & Beverage;ArtisticFlair Clothing;90;Rp60,000;;;;;;;;;;;;;;;;;;;;;
PRD00043;Clothing;FreshVibes Food & Beverage;70;Rp50,000;;;;;;;;;;;;;;;;;;;;;
PRD00044;Clothing;ColorSplash Cosmetics;110;Rp70,000;;;;;;;;;;;;;;;;;;;;;
PRD00045;Food & Beverage;HappyTots Toys;35;Rp250,000;;;;;;;;;;;;;;;;;;;;;
PRD00046;Shoes;FairyTales Clothing;45;Rp190,000;;;;;;;;;;;;;;;;;;;;;
PRD00047;Cosmetics;TechVision Clothing;80;Rp100,000;;;;;;;;;;;;;;;;;;;;;
PRD00048;Cosmetics;CosmoFusion Cosmetics;120;Rp30,000;;;;;;;;;;;;;;;;;;;;;
PRD00049;Clothing;CozyHaven Clothing;25;Rp300,000;;;;;;;;;;;;;;;;;;;;;
PRD00050;Cosmetics;SparkleBooks Books;50;Rp140,000;;;;;;;;;;;;;;;;;;;;;
PRD00051;Clothing;SerenityJourney Food & Beverage;30;Rp260,000;;;;;;;;;;;;;;;;;;;;;
PRD00052;Shoes;JoyfulTots Toys;80;Rp80,000;;;;;;;;;;;;;;;;;;;;;
PRD00053;Books;VintageVibe Clothing;60;Rp50,000;;;;;;;;;;;;;;;;;;;;;
PRD00054;Toys;StellarCosmos Clothing;40;Rp180,000;;;;;;;;;;;;;;;;;;;;;
PRD00055;Food & Beverage;UrbanTreasures Souvenir;20;Rp280,000;;;;;;;;;;;;;;;;;;;;;
PRD00056;Clothing;ActiveStride Shoes;60;Rp120,000;;;;;;;;;;;;;;;;;;;;;
PRD00057;Toys;FoodFiesta Food & Beverage;30;Rp1,200,000;;;;;;;;;;;;;;;;;;;;;
PRD00058;Food & Beverage;UrbanCharm Clothing;50;Rp150,000;;;;;;;;;;;;;;;;;;;;;
PRD00059;Clothing;CosmicGaze Cosmetics;70;Rp100,000;;;;;;;;;;;;;;;;;;;;;
PRD00060;Clothing;WanderlustEssence Clothing;30;Rp230,000;;;;;;;;;;;;;;;;;;;;;
PRD00061;Toys;DreamyDelights Food & Beverage;40;Rp270,000;;;;;;;;;;;;;;;;;;;;;
PRD00062;Clothing;PlayfulPals Toys;6000,00%;Rp120,000;;;;;;;;;;;;;;;;;;;;;
PRD00063;Shoes;;8000,00%;Rp60,000;;;;;;;;;;;;;;;;;;;;;
PRD00064;Shoes;70;2500,00%;Rp190,000;;;;;;;;;;;;;;;;;;;;;
PRD00065;Clothing;UrbanVibes Clothing;1500,00%;Rp2,000,000;;;;;;;;;;;;;;;;;;;;;
PRD00066;Technology;EnchantedSands Shoes;4500,00%;Rp160,000;;;;;;;;;;;;;;;;;;;;;
PRD00067;Clothing;VintageCharm Souvenir;4000,00%;Rp240,000;;;;;;;;;;;;;;;;;;;;;
PRD00068;Shoes;Nature'sGlow Cosmetics;7000,00%;Rp180,000;;;;;;;;;;;;;;;;;;;;;
PRD00069;Clothing;GourmetGalore Food & Beverage;3000,00%;Rp210,000;;;;;;;;;;;;;;;;;;;;;
PRD00070;Food & Beverage;ImaginaryWonders Toys;4000,00%;Rp150,000;;;;;;;;;;;;;;;;;;;;;
PRD00071;Clothing;BookWorm'sTrove Books;8000,00%;Rp80,000;;;;;;;;;;;;;;;;;;;;;
PRD00072;Cosmetics;StyleFusion Clothing;2500,00%;Rp220,000;;;;;;;;;;;;;;;;;;;;;
PRD00073;Shoes;FlavorHaven Food & Beverage;5000,00%;Rp160,000;;;;;;;;;;;;;;;;;;;;;
PRD00074;Clothing;EnchantedToys Toys;4500,00%;Rp180,000;;;;;;;;;;;;;;;;;;;;;
PRD00075;Clothing;CozyNest Apparel Clothing;6000,00%;Rp90,000;;;;;;;;;;;;;;;;;;;;;
PRD00076;Food & Beverage;TrendyTech Technology;3000,00%;Rp200,000;;;;;;;;;;;;;;;;;;;;;
PRD00077;Food & Beverage;EarthyThreads Clothing;2000,00%;Rp220,000;;;;;;;;;;;;;;;;;;;;;
PRD00078;Technology;UrbanStride Shoes;2500,00%;Rp280,000;;;;;;;;;;;;;;;;;;;;;
PRD00079;Cosmetics;SugarSweet Cosmetics;7000,00%;Rp70,000;;;;;;;;;;;;;;;;;;;;;
PRD00080;Shoes;DreamDresser Clothing;9000,00%;Rp60,000;;;;;;;;;;;;;;;;;;;;;
PRD00081;Cosmetics;YummyTreats Food & Beverage;5000,00%;Rp130,000;;;;;;;;;;;;;;;;;;;;;
PRD00082;Souvenir;PlayfulWings Toys;12000,00%;Rp40,000;;;;;;;;;;;;;;;;;;;;;
PRD00083;Shoes;WhimsicalThreads Clothing;3000,00%;Rp200,000;;;;;;;;;;;;;;;;;;;;;
PRD00084;Food & Beverage;TechHaven Technology;4000,00%;Rp180,000;;;;;;;;;;;;;;;;;;;;;
PRD00085;Clothing;CoastalChic Clothing;7000,00%;Rp80,000;;;;;;;;;;;;;;;;;;;;;
PRD00086;Shoes;HappyFeetKick Shoes;8000,00%;Rp50,000;;;;;;;;;;;;;;;;;;;;;
PRD00087;Clothing;UrbanEats Food & Beverage;3500,00%;Rp210,000;;;;;;;;;;;;;;;;;;;;;
PRD00088;Books;FashionFusion Clothing;3000,00%;Rp180,000;;;;;;;;;;;;;;;;;;;;;
PRD00089;Clothing;FlawlessAura Cosmetics;4000,00%;Rp190,000;;;;;;;;;;;;;;;;;;;;;
PRD00090;Food & Beverage;CozyChic Clothing;2500,00%;Rp180,000;;;;;;;;;;;;;;;;;;;;;
PRD00091;Clothing;MoonlitGlow Cosmetics;6000,00%;Rp100,000;;;;;;;;;;;;;;;;;;;;;
PRD00092;Food & Beverage;WanderlustBreeze Clothing;2000,00%;Rp230,000;;;;;;;;;;;;;;;;;;;;;
PRD00093;Toys;TastyTemptations Food & Beverage;5000,00%;Rp70,000;;;;;;;;;;;;;;;;;;;;;
PRD00094;Technology;CityExplorers Toys;8000,00%;Rp50,000;;;;;;;;;;;;;;;;;;;;;
PRD00095;Clothing;ImaginationRealm Books;4000,00%;Rp180,000;;;;;;;;;;;;;;;;;;;;;
PRD00096;Clothing;TrendyThreads Clothing;3000,00%;Rp250,000;;;;;;;;;;;;;;;;;;;;;
PRD00097;Clothing;GourmetTaste Food & Beverage;4500,00%;Rp190,000;;;;;;;;;;;;;;;;;;;;;
PRD00098;Cosmetics;UrbanTrinkets Souvenir;2500,00%;Rp280,000;;;;;;;;;;;;;;;;;;;;;
PRD00099;Technology;CitySights Toys;4000,00%;Rp200,000;;;;;;;;;;;;;;;;;;;;;
PRD00100;Cosmetics;WhisperingPages Books;3500,00%;Rp220,000;;;;;;;;;;;;;;;;;;;;;
PRD00101;Food & Beverage;ArtisticFlair Clothing;3000,00%;Rp230,000;;;;;;;;;;;;;;;;;;;;;
PRD00102;Food & Beverage;FreshVibes Food & Beverage;5000,00%;Rp60,000;;;;;;;;;;;;;;;;;;;;;
PRD00103;Clothing;ColorSplash Cosmetics;1500,00%;Rp2,500,000;;;;;;;;;;;;;;;;;;;;;
PRD00104;Clothing;HappyTots Toys;80;Rp150,000;;;;;;;;;;;;;;;;;;;;;
PRD00105;Clothing;FairyTales Clothing;70;Rp180,000;;;;;;;;;;;;;;;;;;;;;
PRD00106;Souvenir;TechVision Clothing;40;Rp280,000;;;;;;;;;;;;;;;;;;;;;
PRD00107;Toys;CosmoFusion Cosmetics;60;Rp250,000;;;;;;;;;;;;;;;;;;;;;
PRD00108;Clothing;CozyHaven Clothing;100;Rp120,000;;;;;;;;;;;;;;;;;;;;;
PRD00109;Shoes;SparkleBooks Books;90;Rp170,000;;;;;;;;;;;;;;;;;;;;;
PRD00110;Clothing;SerenityJourney Food & Beverage;120;Rp190,000;;;;;;;;;;;;;;;;;;;;;
PRD00111;Clothing;JoyfulTots Toys;50;Rp220,000;;;;;;;;;;;;;;;;;;;;;
PRD00112;Clothing;VintageVibe Clothing;70;Rp200,000;;;;;;;;;;;;;;;;;;;;;
PRD00113;Clothing;StellarCosmos Clothing;30;Rp280,000;;;;;;;;;;;;;;;;;;;;;
PRD00114;Books;UrbanTreasures Souvenir;45;Rp180,000;;;;;;;;;;;;;;;;;;;;;
PRD00115;Souvenir;ActiveStride Shoes;55;Rp260,000;;;;;;;;;;;;;;;;;;;;;
PRD00116;Food & Beverage;;65;Rp190,000;;;;;;;;;;;;;;;;;;;;;
PRD00117;Clothing;30;120;Rp100,000;;;;;;;;;;;;;;;;;;;;;
PRD00118;Clothing;CosmicGaze Cosmetics;40;Rp230,000;;;;;;;;;;;;;;;;;;;;;
PRD00119;Cosmetics;WanderlustEssence Clothing;100;Rp80,000;;;;;;;;;;;;;;;;;;;;;
PRD00120;Clothing;DreamyDelights Food & Beverage;20;Rp1,000,000;;;;;;;;;;;;;;;;;;;;;
PRD00121;Clothing;PlayfulPals Toys;30;Rp250,000;;;;;;;;;;;;;;;;;;;;;
PRD00122;Food & Beverage;SunshineThreads Clothing;15;Rp1,800,000;;;;;;;;;;;;;;;;;;;;;
PRD00123;Books;TechWhiz Technology;60;Rp280,000;;;;;;;;;;;;;;;;;;;;;
PRD00124;Souvenir;UrbanVibes Clothing;70;Rp180,000;;;;;;;;;;;;;;;;;;;;;
PRD00125;Souvenir;EnchantedSands Shoes;80,00;Rp120,000;;;;;;;;;;;;;;;;;;;;;
PRD00126;Shoes;VintageCharm Souvenir;20,00;Rp280,000;;;;;;;;;;;;;;;;;;;;;
PRD00127;Toys;Nature'sGlow Cosmetics;150,00;Rp50,000;;;;;;;;;;;;;;;;;;;;;
PRD00128;Cosmetics;GourmetGalore Food & Beverage;55,00;Rp210,000;;;;;;;;;;;;;;;;;;;;;
PRD00129;Shoes;ImaginaryWonders Toys;25,00;Rp320,000;;;;;;;;;;;;;;;;;;;;;
PRD00130;Toys;BookWorm'sTrove Books;90,00;Rp40,000;;;;;;;;;;;;;;;;;;;;;
PRD00131;Shoes;StyleFusion Clothing;60,00;Rp140,000;;;;;;;;;;;;;;;;;;;;;
PRD00132;Food & Beverage;FlavorHaven Food & Beverage;70,00;Rp70,000;;;;;;;;;;;;;;;;;;;;;
PRD00133;Clothing;EnchantedToys Toys;35,00;Rp320,000;;;;;;;;;;;;;;;;;;;;;
PRD00134;Food & Beverage;CozyNest Apparel Clothing;40,00;Rp60,000;;;;;;;;;;;;;;;;;;;;;
PRD00135;Shoes;TrendyTech Technology;100,00;Rp90,000;;;;;;;;;;;;;;;;;;;;;
PRD00136;Toys;EarthyThreads Clothing;80,00;Rp200,000;;;;;;;;;;;;;;;;;;;;;
PRD00137;Clothing;UrbanStride Shoes;70,00;Rp120,000;;;;;;;;;;;;;;;;;;;;;
PRD00138;Cosmetics;10;50,00;Rp180,000;;;;;;;;;;;;;;;;;;;;;
PRD00139;Food & Beverage;DreamDresser Clothing;120,00;Rp50,000;;;;;;;;;;;;;;;;;;;;;
PRD00140;Food & Beverage;YummyTreats Food & Beverage;60,00;Rp180,000;;;;;;;;;;;;;;;;;;;;;
PRD00141;Souvenir;PlayfulWings Toys;40,00;Rp160,000;;;;;;;;;;;;;;;;;;;;;
PRD00142;Food & Beverage;WhimsicalThreads Clothing;90,00;Rp60,000;;;;;;;;;;;;;;;;;;;;;
PRD00143;Clothing;;70,00;Rp50,000;;;;;;;;;;;;;;;;;;;;;
PRD00144;Clothing;CoastalChic Clothing;110,00;Rp70,000;;;;;;;;;;;;;;;;;;;;;
PRD00145;Technology;HappyFeetKick Shoes;35;Rp250,000;;;;;;;;;;;;;;;;;;;;;
PRD00146;Clothing;UrbanEats Food & Beverage;45;Rp190,000;;;;;;;;;;;;;;;;;;;;;
PRD00147;Food & Beverage;FashionFusion Clothing;80;Rp100,000;;;;;;;;;;;;;;;;;;;;;
PRD00148;Technology;FlawlessAura Cosmetics;120;Rp30,000;;;;;;;;;;;;;;;;;;;;;
PRD00149;Clothing;CozyChic Clothing;25;Rp300,000;;;;;;;;;;;;;;;;;;;;;
PRD00150;Cosmetics;MoonlitGlow Cosmetics;50;Rp140,000;;;;;;;;;;;;;;;;;;;;;
PRD00151;Technology;WanderlustBreeze Clothing;30;Rp260,000;;;;;;;;;;;;;;;;;;;;;
PRD00152;Toys;TastyTemptations Food & Beverage;80;Rp80,000;;;;;;;;;;;;;;;;;;;;;
PRD00153;Food & Beverage;CityExplorers Toys;60;Rp50,000;;;;;;;;;;;;;;;;;;;;;
PRD00154;Food & Beverage;ImaginationRealm Books;40;Rp180,000;;;;;;;;;;;;;;;;;;;;;
PRD00155;Cosmetics;TrendyThreads Clothing;20;Rp280,000;;;;;;;;;;;;;;;;;;;;;
PRD00156;Technology;GourmetTaste Food & Beverage;60;Rp120,000;;;;;;;;;;;;;;;;;;;;;
PRD00157;Toys;UrbanTrinkets Souvenir;30;Rp1,200,000;;;;;;;;;;;;;;;;;;;;;
PRD00158;Shoes;CitySights Toys;50;Rp150,000;;;;;;;;;;;;;;;;;;;;;
PRD00159;Cosmetics;WhisperingPages Books;70;Rp100,000;;;;;;;;;;;;;;;;;;;;;
PRD00160;Clothing;ArtisticFlair Clothing;30;Rp230,000;;;;;;;;;;;;;;;;;;;;;
PRD00161;Cosmetics;FreshVibes Food & Beverage;40;Rp270,000;;;;;;;;;;;;;;;;;;;;;
PRD00162;Books;ColorSplash Cosmetics;60;Rp120,000;;;;;;;;;;;;;;;;;;;;;
PRD00163;Cosmetics;HappyTots Toys;80;Rp60,000;;;;;;;;;;;;;;;;;;;;;
PRD00164;Clothing;FairyTales Clothing;25;Rp190,000;;;;;;;;;;;;;;;;;;;;;
PRD00165;Clothing;TechVision Clothing;15;Rp2,000,000;;;;;;;;;;;;;;;;;;;;;
PRD00166;Clothing;CosmoFusion Cosmetics;45;Rp160,000;;;;;;;;;;;;;;;;;;;;;
PRD00167;Food & Beverage;CozyHaven Clothing;40;Rp240,000;;;;;;;;;;;;;;;;;;;;;
PRD00168;Toys;SparkleBooks Books;70;Rp180,000;;;;;;;;;;;;;;;;;;;;;
PRD00169;Clothing;SerenityJourney Food & Beverage;30;Rp210,000;;;;;;;;;;;;;;;;;;;;;
PRD00170;Food & Beverage;JoyfulTots Toys;40;Rp150,000;;;;;;;;;;;;;;;;;;;;;
PRD00171;Food & Beverage;VintageVibe Clothing;80;Rp80,000;;;;;;;;;;;;;;;;;;;;;
PRD00172;Cosmetics;StellarCosmos Clothing;25;Rp220,000;;;;;;;;;;;;;;;;;;;;;
PRD00173;Cosmetics;UrbanTreasures Souvenir;50;Rp160,000;;;;;;;;;;;;;;;;;;;;;
PRD00174;Toys;ActiveStride Shoes;45;Rp180,000;;;;;;;;;;;;;;;;;;;;;
PRD00175;Clothing;FoodFiesta Food & Beverage;60;Rp90,000;;;;;;;;;;;;;;;;;;;;;
PRD00176;Cosmetics;UrbanCharm Clothing;30;Rp200,000;;;;;;;;;;;;;;;;;;;;;
PRD00177;Clothing;CosmicGaze Cosmetics;20;Rp220,000;;;;;;;;;;;;;;;;;;;;;
PRD00178;Cosmetics;WanderlustEssence Clothing;25;Rp280,000;;;;;;;;;;;;;;;;;;;;;
PRD00179;Books;DreamyDelights Food & Beverage;70;Rp70,000;;;;;;;;;;;;;;;;;;;;;
PRD00180;Clothing;PlayfulPals Toys;90;Rp60,000;;;;;;;;;;;;;;;;;;;;;
PRD00181;Food & Beverage;SunshineThreads Clothing;50;Rp130,000;;;;;;;;;;;;;;;;;;;;;
PRD00182;Clothing;TechWhiz Technology;120;Rp40,000;;;;;;;;;;;;;;;;;;;;;
PRD00183;Clothing;UrbanVibes Clothing;30;Rp200,000;;;;;;;;;;;;;;;;;;;;;
PRD00184;Food & Beverage;EnchantedSands Shoes;40;Rp180,000;;;;;;;;;;;;;;;;;;;;;
PRD00185;Clothing;VintageCharm Souvenir;70;Rp80,000;;;;;;;;;;;;;;;;;;;;;
PRD00186;Shoes;;80;Rp50,000;;;;;;;;;;;;;;;;;;;;;
PRD00187;Clothing;GourmetGalore Food & Beverage;35;Rp210,000;;;;;;;;;;;;;;;;;;;;;
PRD00188;Toys;ImaginaryWonders Toys;30;Rp180,000;;;;;;;;;;;;;;;;;;;;;
PRD00189;Clothing;BookWorm'sTrove Books;40;Rp190,000;;;;;;;;;;;;;;;;;;;;;
PRD00190;Food & Beverage;StyleFusion Clothing;25;Rp180,000;;;;;;;;;;;;;;;;;;;;;
PRD00191;Souvenir;FlavorHaven Food & Beverage;60;Rp100,000;;;;;;;;;;;;;;;;;;;;;
PRD00192;Food & Beverage;EnchantedToys Toys;20;Rp230,000;;;;;;;;;;;;;;;;;;;;;
PRD00193;Shoes;CozyNest Apparel Clothing;50;Rp70,000;;;;;;;;;;;;;;;;;;;;;
PRD00194;Cosmetics;TrendyTech Technology;80;Rp50,000;;;;;;;;;;;;;;;;;;;;;
PRD00195;Toys;EarthyThreads Clothing;40;Rp180,000;;;;;;;;;;;;;;;;;;;;;
PRD00196;Souvenir;UrbanStride Shoes;30;Rp250,000;;;;;;;;;;;;;;;;;;;;;
PRD00197;Cosmetics;SugarSweet Cosmetics;45;Rp190,000;;;;;;;;;;;;;;;;;;;;;
PRD00198;Food & Beverage;DreamDresser Clothing;25;Rp280,000;;;;;;;;;;;;;;;;;;;;;
PRD00199;Clothing;YummyTreats Food & Beverage;40;Rp200,000;;;;;;;;;;;;;;;;;;;;;
PRD00200;Clothing;PlayfulWings Toys;35;Rp220,000;;;;;;;;;;;;;;;;;;;;;
PRD00201;Toys;WhimsicalThreads Clothing;30;Rp230,000;;;;;;;;;;;;;;;;;;;;;
PRD00202;Clothing;TechHaven Technology;50;Rp60,000;;;;;;;;;;;;;;;;;;;;;
PRD00203;Toys;CoastalChic Clothing;15;Rp2,500,000;;;;;;;;;;;;;;;;;;;;;
PRD00204;Books;HappyFeetKick Shoes;80;Rp150,000;;;;;;;;;;;;;;;;;;;;;
PRD00205;Clothing;UrbanEats Food & Beverage;70;Rp180,000;;;;;;;;;;;;;;;;;;;;;
PRD00206;Cosmetics;FashionFusion Clothing;40;Rp280,000;;;;;;;;;;;;;;;;;;;;;
PRD00207;Clothing;FlawlessAura Cosmetics;60;Rp250,000;;;;;;;;;;;;;;;;;;;;;
PRD00208;Food & Beverage;CozyChic Clothing;100;Rp120,000;;;;;;;;;;;;;;;;;;;;;
PRD00209;Clothing;MoonlitGlow Cosmetics;90;Rp170,000;;;;;;;;;;;;;;;;;;;;;
PRD00210;Food & Beverage;WanderlustBreeze Clothing;120;Rp190,000;;;;;;;;;;;;;;;;;;;;;
PRD00211;Souvenir;TastyTemptations Food & Beverage;50;Rp220,000;;;;;;;;;;;;;;;;;;;;;
PRD00212;Technology;CityExplorers Toys;70;Rp200,000;;;;;;;;;;;;;;;;;;;;;
PRD00213;Cosmetics;ImaginationRealm Books;30;Rp280,000;;;;;;;;;;;;;;;;;;;;;
PRD00214;Toys;TrendyThreads Clothing;45;Rp180,000;;;;;;;;;;;;;;;;;;;;;
PRD00215;Cosmetics;GourmetTaste Food & Beverage;55;Rp260,000;;;;;;;;;;;;;;;;;;;;;
PRD00216;Cosmetics;UrbanTrinkets Souvenir;65;Rp190,000;;;;;;;;;;;;;;;;;;;;;
PRD00217;Cosmetics;CitySights Toys;120;Rp100,000;;;;;;;;;;;;;;;;;;;;;
PRD00218;Food & Beverage;WhisperingPages Books;40;Rp230,000;;;;;;;;;;;;;;;;;;;;;
PRD00219;Cosmetics;ArtisticFlair Clothing;100;Rp80,000;;;;;;;;;;;;;;;;;;;;;
PRD00220;Cosmetics;FreshVibes Food & Beverage;20;Rp1,000,000;;;;;;;;;;;;;;;;;;;;;
PRD00221;Cosmetics;ColorSplash Cosmetics;30;Rp250,000;;;;;;;;;;;;;;;;;;;;;
PRD00222;Food & Beverage;HappyTots Toys;15;Rp1,800,000;;;;;;;;;;;;;;;;;;;;;
PRD00223;Shoes;FairyTales Clothing;60;Rp280,000;;;;;;;;;;;;;;;;;;;;;
PRD00224;Cosmetics;TechVision Clothing;70;Rp180,000;;;;;;;;;;;;;;;;;;;;;
PRD00225;Food & Beverage;CosmoFusion Cosmetics;80;Rp120,000;;;;;;;;;;;;;;;;;;;;;
PRD00226;Toys;CozyHaven Clothing;20;Rp280,000;;;;;;;;;;;;;;;;;;;;;
PRD00227;Food & Beverage;SparkleBooks Books;150;Rp50,000;;;;;;;;;;;;;;;;;;;;;
PRD00228;Food & Beverage;SerenityJourney Food & Beverage;55;Rp210,000;;;;;;;;;;;;;;;;;;;;;
PRD00229;Food & Beverage;JoyfulTots Toys;25;Rp320,000;;;;;;;;;;;;;;;;;;;;;
PRD00230;Food & Beverage;VintageVibe Clothing;90;Rp40,000;;;;;;;;;;;;;;;;;;;;;
PRD00231;Souvenir;StellarCosmos Clothing;60;Rp140,000;;;;;;;;;;;;;;;;;;;;;
PRD00232;Clothing;UrbanTreasures Souvenir;70;Rp70,000;;;;;;;;;;;;;;;;;;;;;
PRD00233;Books;ActiveStride Shoes;35;Rp320,000;;;;;;;;;;;;;;;;;;;;;
PRD00234;Clothing;FoodFiesta Food & Beverage;40;Rp60,000;;;;;;;;;;;;;;;;;;;;;
PRD00235;Food & Beverage;UrbanCharm Clothing;100;Rp90,000;;;;;;;;;;;;;;;;;;;;;
PRD00236;Food & Beverage;CosmicGaze Cosmetics;80;Rp200,000;;;;;;;;;;;;;;;;;;;;;
PRD00237;Books;WanderlustEssence Clothing;70;Rp120,000;;;;;;;;;;;;;;;;;;;;;
PRD00238;Clothing;DreamyDelights Food & Beverage;50;Rp180,000;;;;;;;;;;;;;;;;;;;;;
PRD00239;Food & Beverage;PlayfulPals Toys;120;Rp50,000;;;;;;;;;;;;;;;;;;;;;
PRD00240;Clothing;SunshineThreads Clothing;60;Rp180,000;;;;;;;;;;;;;;;;;;;;;
PRD00241;Books;TechWhiz Technology;40;Rp160,000;;;;;;;;;;;;;;;;;;;;;
PRD00242;Clothing;UrbanVibes Clothing;90;Rp60,000;;;;;;;;;;;;;;;;;;;;;
PRD00243;Food & Beverage;EnchantedSands Shoes;70;Rp50,000;;;;;;;;;;;;;;;;;;;;;
PRD00244;Food & Beverage;VintageCharm Souvenir;110;Rp70,000;;;;;;;;;;;;;;;;;;;;;
PRD00245;Cosmetics;Nature'sGlow Cosmetics;35;Rp250,000;;;;;;;;;;;;;;;;;;;;;
PRD00246;Shoes;GourmetGalore Food & Beverage;45;Rp190,000;;;;;;;;;;;;;;;;;;;;;
PRD00247;Toys;ImaginaryWonders Toys;80;Rp100,000;;;;;;;;;;;;;;;;;;;;;
PRD00248;Shoes;BookWorm'sTrove Books;120;Rp30,000;;;;;;;;;;;;;;;;;;;;;
PRD00249;Shoes;StyleFusion Clothing;25;Rp300,000;;;;;;;;;;;;;;;;;;;;;
PRD00250;Cosmetics;FlavorHaven Food & Beverage;50;Rp140,000;;;;;;;;;;;;;;;;;;;;;
PRD00251;Toys;EnchantedToys Toys;30;Rp260,000;;;;;;;;;;;;;;;;;;;;;
PRD00252;Books;CozyNest Apparel Clothing;80;Rp80,000;;;;;;;;;;;;;;;;;;;;;
PRD00253;Clothing;TrendyTech Technology;60;Rp50,000;;;;;;;;;;;;;;;;;;;;;
PRD00254;Cosmetics;EarthyThreads Clothing;40;Rp180,000;;;;;;;;;;;;;;;;;;;;;
PRD00255;Clothing;UrbanStride Shoes;20;Rp280,000;;;;;;;;;;;;;;;;;;;;;
PRD00256;Clothing;SugarSweet Cosmetics;60;Rp120,000;;;;;;;;;;;;;;;;;;;;;
PRD00257;Clothing;DreamDresser Clothing;30;Rp1,200,000;;;;;;;;;;;;;;;;;;;;;
PRD00258;Souvenir;YummyTreats Food & Beverage;50;Rp150,000;;;;;;;;;;;;;;;;;;;;;
PRD00259;Clothing;PlayfulWings Toys;70;Rp100,000;;;;;;;;;;;;;;;;;;;;;
PRD00260;Cosmetics;WhimsicalThreads Clothing;30;Rp230,000;;;;;;;;;;;;;;;;;;;;;
PRD00261;Food & Beverage;TechHaven Technology;40;Rp270,000;;;;;;;;;;;;;;;;;;;;;
PRD00262;Clothing;CoastalChic Clothing;60;Rp120,000;;;;;;;;;;;;;;;;;;;;;
PRD00263;Clothing;HappyFeetKick Shoes;80;Rp60,000;;;;;;;;;;;;;;;;;;;;;
PRD00264;Toys;UrbanEats Food & Beverage;25;Rp190,000;;;;;;;;;;;;;;;;;;;;;
PRD00265;Technology;FashionFusion Clothing;15;Rp2,000,000;;;;;;;;;;;;;;;;;;;;;
PRD00266;Shoes;FlawlessAura Cosmetics;45;Rp160,000;;;;;;;;;;;;;;;;;;;;;
PRD00267;Shoes;CozyChic Clothing;40;Rp240,000;;;;;;;;;;;;;;;;;;;;;
PRD00268;Clothing;MoonlitGlow Cosmetics;70;Rp180,000;;;;;;;;;;;;;;;;;;;;;
PRD00269;Clothing;WanderlustBreeze Clothing;30;Rp210,000;;;;;;;;;;;;;;;;;;;;;
PRD00270;Cosmetics;TastyTemptations Food & Beverage;40;Rp150,000;;;;;;;;;;;;;;;;;;;;;
PRD00271;Food & Beverage;CityExplorers Toys;80;Rp80,000;;;;;;;;;;;;;;;;;;;;;
PRD00272;Clothing;ImaginationRealm Books;25;Rp220,000;;;;;;;;;;;;;;;;;;;;;
PRD00273;Technology;TrendyThreads Clothing;50;Rp160,000;;;;;;;;;;;;;;;;;;;;;
PRD00274;Shoes;GourmetTaste Food & Beverage;45;Rp180,000;;;;;;;;;;;;;;;;;;;;;
PRD00275;Technology;UrbanTrinkets Souvenir;60;Rp90,000;;;;;;;;;;;;;;;;;;;;;
PRD00276;Souvenir;CitySights Toys;30;Rp200,000;;;;;;;;;;;;;;;;;;;;;
PRD00277;Clothing;WhisperingPages Books;20;Rp220,000;;;;;;;;;;;;;;;;;;;;;
PRD00278;Cosmetics;20;25;Rp280,000;;;;;;;;;;;;;;;;;;;;;
PRD00279;Cosmetics;FreshVibes Food & Beverage;70;Rp70,000;;;;;;;;;;;;;;;;;;;;;
PRD00280;Cosmetics;ColorSplash Cosmetics;90;Rp60,000;;;;;;;;;;;;;;;;;;;;;
PRD00281;Food & Beverage;HappyTots Toys;50;Rp130,000;;;;;;;;;;;;;;;;;;;;;
PRD00282;Clothing;FairyTales Clothing;120;Rp40,000;;;;;;;;;;;;;;;;;;;;;
PRD00283;Toys;TechVision Clothing;30;Rp200,000;;;;;;;;;;;;;;;;;;;;;
PRD00284;Shoes;CosmoFusion Cosmetics;40;Rp180,000;;;;;;;;;;;;;;;;;;;;;
PRD00285;Shoes;CozyHaven Clothing;70;Rp80,000;;;;;;;;;;;;;;;;;;;;;
PRD00286;Clothing;SparkleBooks Books;80;Rp50,000;;;;;;;;;;;;;;;;;;;;;
PRD00287;Clothing;SerenityJourney Food & Beverage;35;Rp210,000;;;;;;;;;;;;;;;;;;;;;
PRD00288;Cosmetics;JoyfulTots Toys;30;Rp180,000;;;;;;;;;;;;;;;;;;;;;
PRD00289;Cosmetics;VintageVibe Clothing;40;Rp190,000;;;;;;;;;;;;;;;;;;;;;
PRD00290;Shoes;StellarCosmos Clothing;25;Rp180,000;;;;;;;;;;;;;;;;;;;;;
PRD00291;Clothing;UrbanTreasures Souvenir;60;Rp100,000;;;;;;;;;;;;;;;;;;;;;
PRD00292;Cosmetics;ActiveStride Shoes;20;Rp230,000;;;;;;;;;;;;;;;;;;;;;
PRD00293;Clothing;FoodFiesta Food & Beverage;50;Rp70,000;;;;;;;;;;;;;;;;;;;;;
PRD00294;Food & Beverage;UrbanCharm Clothing;80;Rp50,000;;;;;;;;;;;;;;;;;;;;;
PRD00295;Food & Beverage;CosmicGaze Cosmetics;40;Rp180,000;;;;;;;;;;;;;;;;;;;;;
PRD00296;Souvenir;WanderlustEssence Clothing;30;Rp250,000;;;;;;;;;;;;;;;;;;;;;
PRD00297;Food & Beverage;DreamyDelights Food & Beverage;45;Rp190,000;;;;;;;;;;;;;;;;;;;;;
PRD00298;Cosmetics;PlayfulPals Toys;25;Rp280,000;;;;;;;;;;;;;;;;;;;;;
PRD00299;Books;SunshineThreads Clothing;40;Rp200,000;;;;;;;;;;;;;;;;;;;;;
PRD00300;Technology;TechWhiz Technology;35;Rp220,000;;;;;;;;;;;;;;;;;;;;;
PRD00301;Food & Beverage;FreshBites Food & Beverage;30;Rp230,000;;;;;;;;;;;;;;;;;;;;;
PRD00302;Toys;PlayfulToys Toys;50;Rp60,000;;;;;;;;;;;;;;;;;;;;;
PRD00303;Cosmetics;BeautyGlow Cosmetics;15;Rp2,500,000;;;;;;;;;;;;;;;;;;;;;
PRD00304;Clothing;TrendyThreads Clothing;80;Rp150,000;;;;;;;;;;;;;;;;;;;;;
PRD00305;Food & Beverage;DeliciousSips Food & Beverage;70;Rp180,000;;;;;;;;;;;;;;;;;;;;;
PRD00306;Clothing;UrbanChic Clothing;40;Rp280,000;;;;;;;;;;;;;;;;;;;;;
PRD00307;Food & Beverage;TastyTreats Food & Beverage;60;Rp250,000;;;;;;;;;;;;;;;;;;;;;
PRD00308;Food & Beverage;FlavorFusion Food & Beverage;100;Rp120,000;;;;;;;;;;;;;;;;;;;;;
PRD00309;Books;BookWorm Books;90;Rp170,000;;;;;;;;;;;;;;;;;;;;;
PRD00310;Clothing;ComfyWardrobe Clothing;120;Rp190,000;;;;;;;;;;;;;;;;;;;;;
PRD00311;Clothing;CozyThreads Clothing;50;Rp220,000;;;;;;;;;;;;;;;;;;;;;
PRD00312;Toys;ImaginaryAdventures Toys;70;Rp200,000;;;;;;;;;;;;;;;;;;;;;
PRD00313;Cosmetics;GlamourLuxe Cosmetics;30;Rp280,000;;;;;;;;;;;;;;;;;;;;;
PRD00314;Clothing;ChicApparel Clothing;45;Rp180,000;;;;;;;;;;;;;;;;;;;;;
PRD00315;Shoes;WalkInStyle Shoes;55;Rp260,000;;;;;;;;;;;;;;;;;;;;;
PRD00316;Cosmetics;GlamGoddess Cosmetics;65;Rp190,000;;;;;;;;;;;;;;;;;;;;;
PRD00317;Clothing;TrendyOutfits Clothing;120;Rp100,000;;;;;;;;;;;;;;;;;;;;;
PRD00318;Food & Beverage;GourmetDelights Food & Beverage;40;Rp230,000;;;;;;;;;;;;;;;;;;;;;
PRD00319;Toys;FunPlay Toys;100;Rp80,000;;;;;;;;;;;;;;;;;;;;;
PRD00320;Clothing;UrbanElegance Clothing;20;Rp1,000,000;;;;;;;;;;;;;;;;;;;;;
PRD00321;Clothing;TrendyTogs Clothing;30;Rp250,000;;;;;;;;;;;;;;;;;;;;;
PRD00322;Toys;PlayfulStride Shoes;15;Rp1,800,000;;;;;;;;;;;;;;;;;;;;;
PRD00323;Clothing;DreamyTreats Food & Beverage;60;Rp280,000;;;;;;;;;;;;;;;;;;;;;
PRD00324;Shoes;CozyComfort Clothing;70;Rp180,000;;;;;;;;;;;;;;;;;;;;;
PRD00325;Toys;UrbanWanderlust Clothing;80;Rp120,000;;;;;;;;;;;;;;;;;;;;;
PRD00326;Food & Beverage;EnchantingEssence Cosmetics;20;Rp280,000;;;;;;;;;;;;;;;;;;;;;
PRD00327;Clothing;StylishStaples Clothing;150;Rp50,000;;;;;;;;;;;;;;;;;;;;;
PRD00328;Toys;FlavorHaven Food & Beverage;55;Rp210,000;;;;;;;;;;;;;;;;;;;;;
PRD00329;Souvenir;UrbanAdventures Toys;25;Rp320,000;;;;;;;;;;;;;;;;;;;;;
PRD00330;Shoes;WanderlustWardrobe Clothing;90;Rp40,000;;;;;;;;;;;;;;;;;;;;;
PRD00331;Cosmetics;FashionableFeet Shoes;60;Rp140,000;;;;;;;;;;;;;;;;;;;;;
PRD00332;Souvenir;CosmoFusion Cosmetics;70;Rp70,000;;;;;;;;;;;;;;;;;;;;;
PRD00333;Clothing;UrbanFlair Clothing;35;Rp320,000;;;;;;;;;;;;;;;;;;;;;
PRD00334;Cosmetics;YummyBites Food & Beverage;40;Rp60,000;;;;;;;;;;;;;;;;;;;;;
PRD00335;Clothing;PlayfulLand Toys;100;Rp90,000;;;;;;;;;;;;;;;;;;;;;
PRD00336;Clothing;CasualChic Clothing;80;Rp200,000;;;;;;;;;;;;;;;;;;;;;
PRD00337;Clothing;SweetSips Food & Beverage;70;Rp120,000;;;;;;;;;;;;;;;;;;;;;
PRD00338;Food & Beverage;SparklingStitch Clothing;50;Rp180,000;;;;;;;;;;;;;;;;;;;;;
PRD00339;Cosmetics;WhimsicalWonders Toys;120;Rp50,000;;;;;;;;;;;;;;;;;;;;;
PRD00340;Food & Beverage;WanderlustShoes Shoes;60;Rp180,000;;;;;;;;;;;;;;;;;;;;;
PRD00341;Clothing;TastyTemptations Food & Beverage;40;Rp160,000;;;;;;;;;;;;;;;;;;;;;
PRD00342;Toys;TrendyTrinkets Clothing;90;Rp60,000;;;;;;;;;;;;;;;;;;;;;
PRD00343;Cosmetics;WanderlustTales Books;70;Rp50,000;;;;;;;;;;;;;;;;;;;;;
PRD00344;Clothing;GlamourGlow Cosmetics;110;Rp70,000;;;;;;;;;;;;;;;;;;;;;
PRD00345;Clothing;PlayfulChic Clothing;35;Rp250,000;;;;;;;;;;;;;;;;;;;;;
PRD00346;Clothing;UrbanFootsteps Shoes;45;Rp190,000;;;;;;;;;;;;;;;;;;;;;
PRD00347;Cosmetics;StellarShades Cosmetics;80;Rp100,000;;;;;;;;;;;;;;;;;;;;;
PRD00348;Cosmetics;UrbanThreads Clothing;120;Rp30,000;;;;;;;;;;;;;;;;;;;;;
PRD00349;Shoes;GourmetGlimpse Food & Beverage;25;Rp300,000;;;;;;;;;;;;;;;;;;;;;
PRD00350;Clothing;JoyfulTots Toys;50;Rp140,000;;;;;;;;;;;;;;;;;;;;;
PRD00351;Cosmetics;CosmoCharm Clothing;30;Rp260,000;;;;;;;;;;;;;;;;;;;;;
PRD00352;Shoes;UrbanWanderlust Clothing;80;Rp80,000;;;;;;;;;;;;;;;;;;;;;
PRD00353;Souvenir;DreamyDelights Food & Beverage;60;Rp50,000;;;;;;;;;;;;;;;;;;;;;
PRD00354;Toys;PlayfulRhythms Toys;40;Rp180,000;;;;;;;;;;;;;;;;;;;;;
PRD00355;Shoes;CozyCouture Clothing;20;Rp280,000;;;;;;;;;;;;;;;;;;;;;
PRD00356;Books;TrendyTech Technology;60;Rp120,000;;;;;;;;;;;;;;;;;;;;;
PRD00357;Food & Beverage;ChicThreads Clothing;30;Rp1,200,000;;;;;;;;;;;;;;;;;;;;;
PRD00358;Clothing;FlavorHaven Food & Beverage;50;Rp150,000;;;;;;;;;;;;;;;;;;;;;
PRD00359;Technology;UrbanFlair Clothing;70;Rp100,000;;;;;;;;;;;;;;;;;;;;;
PRD00360;Cosmetics;WanderlustEssence Clothing;30;Rp230,000;;;;;;;;;;;;;;;;;;;;;
PRD00361;Clothing;SweetIndulgence Food & Beverage;40;Rp270,000;;;;;;;;;;;;;;;;;;;;;
PRD00362;Clothing;PlayfulPals Toys;60;Rp120,000;;;;;;;;;;;;;;;;;;;;;
PRD00363;Food & Beverage;;80;Rp60,000;;;;;;;;;;;;;;;;;;;;;
PRD00364;Clothing;WanderlustWear Clothing;25;Rp190,000;;;;;;;;;;;;;;;;;;;;;
PRD00365;Food & Beverage;41;15;Rp2,000,000;;;;;;;;;;;;;;;;;;;;;
PRD00366;Food & Beverage;GourmetTaste Food & Beverage;45;Rp160,000;;;;;;;;;;;;;;;;;;;;;
PRD00367;Shoes;UrbanChic Clothing;40;Rp240,000;;;;;;;;;;;;;;;;;;;;;
PRD00368;Clothing;CosmicGlow Cosmetics;70;Rp180,000;;;;;;;;;;;;;;;;;;;;;
PRD00369;Food & Beverage;WanderlustEssentials Clothing;30;Rp210,000;;;;;;;;;;;;;;;;;;;;;
PRD00370;Technology;DreamyTreats Food & Beverage;40;Rp150,000;;;;;;;;;;;;;;;;;;;;;
PRD00371;Cosmetics;PlayfulGems Toys;80;Rp80,000;;;;;;;;;;;;;;;;;;;;;
PRD00372;Clothing;SunshineThreads Clothing;25;Rp220,000;;;;;;;;;;;;;;;;;;;;;
PRD00373;Shoes;TechGeek Apparel Technology;50;Rp160,000;;;;;;;;;;;;;;;;;;;;;
PRD00374;Food & Beverage;UrbanElegance Clothing;45;Rp180,000;;;;;;;;;;;;;;;;;;;;;
PRD00375;Technology;FlavorFiesta Food & Beverage;60;Rp90,000;;;;;;;;;;;;;;;;;;;;;
PRD00376;Food & Beverage;WanderlustSouvenir Souvenir;30;Rp200,000;;;;;;;;;;;;;;;;;;;;;
PRD00377;Clothing;TrendyTravels Toys;20;Rp220,000;;;;;;;;;;;;;;;;;;;;;
PRD00378;Toys;ChicChapters Books;25;Rp280,000;;;;;;;;;;;;;;;;;;;;;
PRD00379;Clothing;UrbanGlam Clothing;70;Rp70,000;;;;;;;;;;;;;;;;;;;;;
PRD00380;Clothing;DeliciousDelights Food & Beverage;90;Rp60,000;;;;;;;;;;;;;;;;;;;;;
PRD00381;Toys;PlayfulSands Toys;50;Rp130,000;;;;;;;;;;;;;;;;;;;;;
PRD00382;Toys;CozyEssentials Clothing;120;Rp40,000;;;;;;;;;;;;;;;;;;;;;
PRD00383;Souvenir;WanderlustBreeze Clothing;30;Rp200,000;;;;;;;;;;;;;;;;;;;;;
PRD00384;Food & Beverage;DreamyDelicacies Food & Beverage;40;Rp180,000;;;;;;;;;;;;;;;;;;;;;
PRD00385;Cosmetics;UrbanCharm Clothing;70;Rp80,000;;;;;;;;;;;;;;;;;;;;;
PRD00386;Clothing;GlamourGaze Cosmetics;80;Rp50,000;;;;;;;;;;;;;;;;;;;;;
PRD00387;Food & Beverage;TrendyThreads Clothing;35;Rp210,000;;;;;;;;;;;;;;;;;;;;;
PRD00388;Cosmetics;WanderlustEscape Clothing;30;Rp180,000;;;;;;;;;;;;;;;;;;;;;
PRD00389;Food & Beverage;TastyTreats Food & Beverage;40;Rp190,000;;;;;;;;;;;;;;;;;;;;;
PRD00390;Cosmetics;;25;Rp180,000;;;;;;;;;;;;;;;;;;;;;
PRD00391;Clothing;;60;Rp100,000;;;;;;;;;;;;;;;;;;;;;
PRD00392;Food & Beverage;;20;Rp230,000;;;;;;;;;;;;;;;;;;;;;
PRD00393;Clothing;EnchantingFlair Cosmetics;50;Rp70,000;;;;;;;;;;;;;;;;;;;;;
PRD00394;Toys;StylishEssentials Clothing;80;Rp50,000;;;;;;;;;;;;;;;;;;;;;
PRD00395;Clothing;FlavorFiesta Food & Beverage;40;Rp180,000;;;;;;;;;;;;;;;;;;;;;
PRD00396;Souvenir;WanderlustJourney Toys;30;Rp250,000;;;;;;;;;;;;;;;;;;;;;
PRD00397;Shoes;ChicWardrobe Clothing;45;Rp190,000;;;;;;;;;;;;;;;;;;;;;
PRD00398;Technology;DeliciousEats Food & Beverage;25;Rp280,000;;;;;;;;;;;;;;;;;;;;;
PRD00399;Food & Beverage;SparklingSands Toys;40;Rp200,000;;;;;;;;;;;;;;;;;;;;;
PRD00400;Clothing;CozyTrends Clothing;35;Rp220,000;;;;;;;;;;;;;;;;;;;;;
PRD00401;Shoes;SweetSips Food & Beverage;30;Rp230,000;;;;;;;;;;;;;;;;;;;;;
PRD00402;Clothing;UrbanWanderlust Clothing;50;Rp60,000;;;;;;;;;;;;;;;;;;;;;
PRD00403;Food & Beverage;PlayfulWhispers Toys;15;Rp2,500,000;;;;;;;;;;;;;;;;;;;;;
PRD00404;Souvenir;GlamGlow Cosmetics;80;Rp150,000;;;;;;;;;;;;;;;;;;;;;
PRD00405;Clothing;TrendyTogs Clothing;70;Rp180,000;;;;;;;;;;;;;;;;;;;;;
PRD00406;Clothing;WanderlustSands Shoes;40;Rp280,000;;;;;;;;;;;;;;;;;;;;;
PRD00407;Shoes;TastyTidbits Food & Beverage;60;Rp250,000;;;;;;;;;;;;;;;;;;;;;
PRD00408;Clothing;FlavorHaven Food & Beverage;100;Rp120,000;;;;;;;;;;;;;;;;;;;;;
PRD00409;Clothing;UrbanGlamour Clothing;90;Rp170,000;;;;;;;;;;;;;;;;;;;;;
PRD00410;Cosmetics;DreamyDelights Food & Beverage;120;Rp190,000;;;;;;;;;;;;;;;;;;;;;
PRD00411;Clothing;PlayfulWings Toys;50;Rp220,000;;;;;;;;;;;;;;;;;;;;;
PRD00412;Clothing;ComfyChic Clothing;70;Rp200,000;;;;;;;;;;;;;;;;;;;;;
PRD00413;Shoes;UrbanWanderer Clothing;30;Rp280,000;;;;;;;;;;;;;;;;;;;;;
PRD00414;Food & Beverage;EnchantingEssence Cosmetics;45;Rp180,000;;;;;;;;;;;;;;;;;;;;;
PRD00415;Shoes;StylishStitches Clothing;55;Rp260,000;;;;;;;;;;;;;;;;;;;;;
PRD00416;Clothing;GourmetGaze Food & Beverage;65;Rp190,000;;;;;;;;;;;;;;;;;;;;;
PRD00417;Toys;UrbanStride Shoes;120;Rp100,000;;;;;;;;;;;;;;;;;;;;;
PRD00418;Clothing;WhimsicalTrinkets Souvenir;40;Rp230,000;;;;;;;;;;;;;;;;;;;;;
PRD00419;Food & Beverage;WanderlustShores Shoes;100;Rp80,000;;;;;;;;;;;;;;;;;;;;;
PRD00420;Food & Beverage;TrendyTaste Food & Beverage;20;Rp1,000,000;;;;;;;;;;;;;;;;;;;;;
PRD00421;Clothing;PlayfulTreasures Toys;30;Rp250,000;;;;;;;;;;;;;;;;;;;;;
PRD00422;Cosmetics;WanderlustWonders Clothing;15;Rp1,800,000;;;;;;;;;;;;;;;;;;;;;
PRD00423;Toys;ChicNovels Books;60;Rp280,000;;;;;;;;;;;;;;;;;;;;;
PRD00424;Cosmetics;GlamGoddess Cosmetics;70;Rp180,000;;;;;;;;;;;;;;;;;;;;;
PRD00425;Shoes;UrbanSerenity Clothing;80;Rp120,000;;;;;;;;;;;;;;;;;;;;;
PRD00426;Food & Beverage;FlavorHaven Food & Beverage;20;Rp280,000;;;;;;;;;;;;;;;;;;;;;
PRD00427;Clothing;DreamyDelicacies Food & Beverage;150;Rp50,000;;;;;;;;;;;;;;;;;;;;;
PRD00428;Shoes;PlayfulVoyage Toys;55;Rp210,000;;;;;;;;;;;;;;;;;;;;;
PRD00429;Clothing;CozyCouture Clothing;25;Rp320,000;;;;;;;;;;;;;;;;;;;;;
PRD00430;Clothing;UrbanWanderer Clothing;90;Rp40,000;;;;;;;;;;;;;;;;;;;;;
PRD00431;Clothing;StellarShades Cosmetics;60;Rp140,000;;;;;;;;;;;;;;;;;;;;;
PRD00432;Shoes;StylishFusion Clothing;70;Rp70,000;;;;;;;;;;;;;;;;;;;;;
PRD00433;Clothing;GourmetGlimpse Food & Beverage;35;Rp320,000;;;;;;;;;;;;;;;;;;;;;
PRD00434;Technology;UrbanChic Clothing;40;Rp60,000;;;;;;;;;;;;;;;;;;;;;
PRD00435;Food & Beverage;WhimsicalWonders Toys;100;Rp90,000;;;;;;;;;;;;;;;;;;;;;
PRD00436;Clothing;WanderlustFootsteps Shoes;80;Rp200,000;;;;;;;;;;;;;;;;;;;;;
PRD00437;Clothing;TrendyTemptations Food & Beverage;70;Rp120,000;;;;;;;;;;;;;;;;;;;;;
PRD00438;Cosmetics;PlayfulJourney Toys;50;Rp180,000;;;;;;;;;;;;;;;;;;;;;
PRD00439;Shoes;WanderlustThreads Clothing;120;Rp50,000;;;;;;;;;;;;;;;;;;;;;
PRD00440;Food & Beverage;ComfyElegance Clothing;60;Rp180,000;;;;;;;;;;;;;;;;;;;;;
PRD00441;Books;UrbanEssence Clothing;40;Rp160,000;;;;;;;;;;;;;;;;;;;;;
PRD00442;Clothing;FlavorFiesta Food & Beverage;90;Rp60,000;;;;;;;;;;;;;;;;;;;;;
PRD00443;Toys;DreamyDelights Food & Beverage;70;Rp50,000;;;;;;;;;;;;;;;;;;;;;
PRD00444;Food & Beverage;PlayfulGems Toys;110;Rp70,000;;;;;;;;;;;;;;;;;;;;;
PRD00445;Clothing;WanderlustSands Shoes;35;Rp250,000;;;;;;;;;;;;;;;;;;;;;
PRD00446;Food & Beverage;StylishVibes Clothing;45;Rp190,000;;;;;;;;;;;;;;;;;;;;;
PRD00447;Clothing;GourmetTaste Food & Beverage;80;Rp100,000;;;;;;;;;;;;;;;;;;;;;
PRD00448;Food & Beverage;UrbanChic Clothing;120;Rp30,000;;;;;;;;;;;;;;;;;;;;;
PRD00449;Clothing;ChicGlow Cosmetics;25;Rp300,000;;;;;;;;;;;;;;;;;;;;;
PRD00450;Clothing;TrendyTrek Clothing;50;Rp140,000;;;;;;;;;;;;;;;;;;;;;
PRD00451;Clothing;DreamyTreats Food & Beverage;30;Rp260,000;;;;;;;;;;;;;;;;;;;;;
PRD00452;Clothing;PlayfulPals Toys;80;Rp80,000;;;;;;;;;;;;;;;;;;;;;
PRD00453;Shoes;CozyComfort Clothing;60;Rp50,000;;;;;;;;;;;;;;;;;;;;;
PRD00454;Food & Beverage;UrbanWanderer Clothing;40;Rp180,000;;;;;;;;;;;;;;;;;;;;;
PRD00455;Cosmetics;EnchantingFlair Cosmetics;20;Rp280,000;;;;;;;;;;;;;;;;;;;;;
PRD00456;Clothing;StylishStitches Clothing;60;Rp120,000;;;;;;;;;;;;;;;;;;;;;
PRD00457;Toys;FlavorHaven Food & Beverage;30;Rp1,200,000;;;;;;;;;;;;;;;;;;;;;
PRD00458;Food & Beverage;WanderlustJourney Toys;50;Rp150,000;;;;;;;;;;;;;;;;;;;;;
PRD00459;Food & Beverage;ChicWhispers Clothing;70;Rp100,000;;;;;;;;;;;;;;;;;;;;;
PRD00460;Technology;DeliciousEats Food & Beverage;30;Rp230,000;;;;;;;;;;;;;;;;;;;;;
PRD00461;Cosmetics;PlayfulShores Toys;40;Rp270,000;;;;;;;;;;;;;;;;;;;;;
PRD00462;Food & Beverage;CozyTrends Clothing;60;Rp120,000;;;;;;;;;;;;;;;;;;;;;
PRD00463;Food & Beverage;UrbanGlow Cosmetics;80;Rp60,000;;;;;;;;;;;;;;;;;;;;;
PRD00464;Technology;SweetSips Food & Beverage;25;Rp190,000;;;;;;;;;;;;;;;;;;;;;
PRD00465;Cosmetics;TrendyTravels Toys;15;Rp2,000,000;;;;;;;;;;;;;;;;;;;;;
PRD00466;Toys;WanderlustBreeze Clothing;45;Rp160,000;;;;;;;;;;;;;;;;;;;;;
PRD00467;Toys;DreamyDelicacies Food & Beverage;40;Rp240,000;;;;;;;;;;;;;;;;;;;;;
PRD00468;Clothing;PlayfulGlow Toys;70;Rp180,000;;;;;;;;;;;;;;;;;;;;;
PRD00469;Shoes;CozyCocoon Clothing;30;Rp210,000;;;;;;;;;;;;;;;;;;;;;
PRD00470;Food & Beverage;UrbanWanderlust Clothing;40;Rp150,000;;;;;;;;;;;;;;;;;;;;;
PRD00471;Cosmetics;EnchantingEssence Cosmetics;80;Rp80,000;;;;;;;;;;;;;;;;;;;;;
PRD00472;Technology;StylishEssentials Clothing;25;Rp220,000;;;;;;;;;;;;;;;;;;;;;
PRD00473;Clothing;FlavorFiesta Food & Beverage;50;Rp160,000;;;;;;;;;;;;;;;;;;;;;
PRD00474;Cosmetics;WanderlustEscape Clothing;45;Rp180,000;;;;;;;;;;;;;;;;;;;;;
PRD00475;Toys;ChicChapters Books;60;Rp90,000;;;;;;;;;;;;;;;;;;;;;
PRD00476;Books;UrbanGlam Clothing;30;Rp200,000;;;;;;;;;;;;;;;;;;;;;
PRD00477;Clothing;DeliciousDelights Food & Beverage;20;Rp220,000;;;;;;;;;;;;;;;;;;;;;
PRD00478;Shoes;PlayfulSands Toys;25;Rp280,000;;;;;;;;;;;;;;;;;;;;;
PRD00479;Toys;CozyEssentials Clothing;70;Rp70,000;;;;;;;;;;;;;;;;;;;;;
PRD00480;Toys;UrbanCharm Clothing;90;Rp60,000;;;;;;;;;;;;;;;;;;;;;
PRD00481;Clothing;GlamourGaze Cosmetics;50;Rp130,000;;;;;;;;;;;;;;;;;;;;;
PRD00482;Cosmetics;TrendyThreads Clothing;120;Rp40,000;;;;;;;;;;;;;;;;;;;;;
PRD00483;Souvenir;WanderlustJourney Toys;30;Rp200,000;;;;;;;;;;;;;;;;;;;;;
PRD00484;Clothing;TastyTidbits Food & Beverage;40;Rp180,000;;;;;;;;;;;;;;;;;;;;;
PRD00485;Clothing;FlavorHaven Food & Beverage;70;Rp80,000;;;;;;;;;;;;;;;;;;;;;
PRD00486;Cosmetics;UrbanGlamour Clothing;80;Rp50,000;;;;;;;;;;;;;;;;;;;;;
PRD00487;Cosmetics;DreamyDelights Food & Beverage;35;Rp210,000;;;;;;;;;;;;;;;;;;;;;
PRD00488;Books;PlayfulWings Toys;30;Rp180,000;;;;;;;;;;;;;;;;;;;;;
PRD00489;Clothing;ComfyChic Clothing;40;Rp190,000;;;;;;;;;;;;;;;;;;;;;
PRD00490;Clothing;UrbanWanderer Clothing;25;Rp180,000;;;;;;;;;;;;;;;;;;;;;
PRD00491;Clothing;EnchantingEssence Cosmetics;60;Rp100,000;;;;;;;;;;;;;;;;;;;;;
PRD00492;Toys;StylishStitches Clothing;20;Rp230,000;;;;;;;;;;;;;;;;;;;;;
PRD00493;Shoes;GourmetGaze Food & Beverage;50;Rp70,000;;;;;;;;;;;;;;;;;;;;;
PRD00494;Clothing;UrbanStride Shoes;80;Rp50,000;;;;;;;;;;;;;;;;;;;;;
PRD00495;Shoes;WhimsicalTrinkets Souvenir;40;Rp180,000;;;;;;;;;;;;;;;;;;;;;
PRD00496;Clothing;WanderlustShores Shoes;30;Rp250,000;;;;;;;;;;;;;;;;;;;;;
PRD00497;Technology;TrendyTaste Food & Beverage;45;Rp190,000;;;;;;;;;;;;;;;;;;;;;
PRD00498;Clothing;PlayfulTreasures Toys;25;Rp280,000;;;;;;;;;;;;;;;;;;;;;
PRD00499;Technology;WanderlustWonders Clothing;40;Rp200,000;;;;;;;;;;;;;;;;;;;;;
PRD00500;Food & Beverage;ChicNovels Books;35;Rp220,000;;;;;;;;;;;;;;;;;;;;;
PRD00501;Clothing;GlamGoddess Cosmetics;50;Rp220,000;;;;;;;;;;;;;;;;;;;;;
PRD00502;Toys;UrbanSerenity Clothing;70;Rp180,000;;;;;;;;;;;;;;;;;;;;;
PRD00503;Clothing;FlavorHaven Food & Beverage;40;Rp280,000;;;;;;;;;;;;;;;;;;;;;
PRD00504;Toys;DreamyDelicacies Food & Beverage;80;Rp90,000;;;;;;;;;;;;;;;;;;;;;
PRD00505;Cosmetics;PlayfulVoyage Toys;30;Rp210,000;;;;;;;;;;;;;;;;;;;;;
PRD00506;Food & Beverage;CozyCouture Clothing;60;Rp150,000;;;;;;;;;;;;;;;;;;;;;
PRD00507;Clothing;UrbanWanderer Clothing;25;Rp1,500,000;;;;;;;;;;;;;;;;;;;;;
PRD00508;Clothing;StellarShades Cosmetics;45;Rp190,000;;;;;;;;;;;;;;;;;;;;;
PRD00509;Clothing;StylishFusion Clothing;35;Rp230,000;;;;;;;;;;;;;;;;;;;;;
PRD00510;Clothing;GourmetGlimpse Food & Beverage;90;Rp80,000;;;;;;;;;;;;;;;;;;;;;
PRD00511;Cosmetics;UrbanChic Clothing;70;Rp180,000;;;;;;;;;;;;;;;;;;;;;
PRD00512;Clothing;WhimsicalWonders Toys;120;Rp40,000;;;;;;;;;;;;;;;;;;;;;
PRD00513;Clothing;WanderlustFootsteps Shoes;50;Rp160,000;;;;;;;;;;;;;;;;;;;;;
PRD00514;Food & Beverage;TrendyTemptations Food & Beverage;30;Rp240,000;;;;;;;;;;;;;;;;;;;;;
PRD00515;Food & Beverage;PlayfulJourney Toys;100;Rp50,000;;;;;;;;;;;;;;;;;;;;;
PRD00516;Food & Beverage;WanderlustThreads Clothing;60;Rp210,000;;;;;;;;;;;;;;;;;;;;;
PRD00517;Souvenir;ComfyElegance Clothing;70;Rp70,000;;;;;;;;;;;;;;;;;;;;;
PRD00518;Cosmetics;UrbanEssence Clothing;20;Rp2,200,000;;;;;;;;;;;;;;;;;;;;;
PRD00519;Technology;FlavorFiesta Food & Beverage;90;Rp60,000;;;;;;;;;;;;;;;;;;;;;
PRD00520;Clothing;DreamyDelights Food & Beverage;40;Rp180,000;;;;;;;;;;;;;;;;;;;;;
PRD00521;Technology;PlayfulGems Toys;30;Rp250,000;;;;;;;;;;;;;;;;;;;;;
PRD00522;Clothing;WanderlustSands Shoes;45;Rp190,000;;;;;;;;;;;;;;;;;;;;;
PRD00523;Toys;StylishVibes Clothing;25;Rp280,000;;;;;;;;;;;;;;;;;;;;;
PRD00524;Cosmetics;GourmetTaste Food & Beverage;40;Rp220,000;;;;;;;;;;;;;;;;;;;;;
PRD00525;Food & Beverage;UrbanChic Clothing;80;Rp100,000;;;;;;;;;;;;;;;;;;;;;
PRD00526;Clothing;ChicGlow Cosmetics;60;Rp190,000;;;;;;;;;;;;;;;;;;;;;
PRD00527;Cosmetics;TrendyTrek Clothing;70;Rp200,000;;;;;;;;;;;;;;;;;;;;;
PRD00528;Souvenir;DreamyTreats Food & Beverage;90;Rp70,000;;;;;;;;;;;;;;;;;;;;;
PRD00529;Food & Beverage;PlayfulPals Toys;35;Rp210,000;;;;;;;;;;;;;;;;;;;;;
PRD00530;Cosmetics;CozyComfort Clothing;40;Rp140,000;;;;;;;;;;;;;;;;;;;;;
PRD00531;Clothing;UrbanWanderer Clothing;30;Rp230,000;;;;;;;;;;;;;;;;;;;;;
PRD00532;Cosmetics;EnchantingFlair Cosmetics;80;Rp90,000;;;;;;;;;;;;;;;;;;;;;
PRD00533;Toys;StylishStitches Clothing;20;Rp250,000;;;;;;;;;;;;;;;;;;;;;
PRD00534;Clothing;FlavorHaven Food & Beverage;45;Rp190,000;;;;;;;;;;;;;;;;;;;;;
PRD00535;Shoes;WanderlustJourney Toys;70;Rp80,000;;;;;;;;;;;;;;;;;;;;;
PRD00536;Souvenir;ChicWhispers Clothing;40;Rp220,000;;;;;;;;;;;;;;;;;;;;;
PRD00537;Food & Beverage;DeliciousEats Food & Beverage;100;Rp60,000;;;;;;;;;;;;;;;;;;;;;
PRD00538;Books;PlayfulShores Toys;30;Rp230,000;;;;;;;;;;;;;;;;;;;;;
PRD00539;Clothing;CozyTrends Clothing;50;Rp190,000;;;;;;;;;;;;;;;;;;;;;
PRD00540;Food & Beverage;UrbanGlow Cosmetics;60;Rp180,000;;;;;;;;;;;;;;;;;;;;;
PRD00541;Clothing;SweetSips Food & Beverage;70;Rp80,000;;;;;;;;;;;;;;;;;;;;;
PRD00542;Souvenir;TrendyTravels Toys;25;Rp1,800,000;;;;;;;;;;;;;;;;;;;;;
PRD00543;Food & Beverage;WanderlustBreeze Clothing;120;Rp40,000;;;;;;;;;;;;;;;;;;;;;
PRD00544;Books;DreamyDelicacies Food & Beverage;30;Rp210,000;;;;;;;;;;;;;;;;;;;;;
PRD00545;Clothing;PlayfulGlow Toys;40;Rp240,000;;;;;;;;;;;;;;;;;;;;;
PRD00546;Food & Beverage;CozyCocoon Clothing;70;Rp100,000;;;;;;;;;;;;;;;;;;;;;
PRD00547;Clothing;UrbanWanderlust Clothing;50;Rp220,000;;;;;;;;;;;;;;;;;;;;;
PRD00548;Cosmetics;EnchantingEssence Cosmetics;45;Rp190,000;;;;;;;;;;;;;;;;;;;;;
PRD00549;Shoes;StylishEssentials Clothing;35;Rp280,000;;;;;;;;;;;;;;;;;;;;;
PRD00550;Food & Beverage;FlavorFiesta Food & Beverage;60;Rp90,000;;;;;;;;;;;;;;;;;;;;;
PRD00551;Food & Beverage;WanderlustEscape Clothing;25;Rp210,000;;;;;;;;;;;;;;;;;;;;;
PRD00552;Clothing;ChicChapters Books;50;Rp150,000;;;;;;;;;;;;;;;;;;;;;
PRD00553;Clothing;UrbanGlam Clothing;20;Rp1,500,000;;;;;;;;;;;;;;;;;;;;;
PRD00554;Toys;DeliciousDelights Food & Beverage;40;Rp190,000;;;;;;;;;;;;;;;;;;;;;
PRD00555;Toys;PlayfulSands Toys;35;Rp230,000;;;;;;;;;;;;;;;;;;;;;
PRD00556;Clothing;CozyEssentials Clothing;90;Rp80,000;;;;;;;;;;;;;;;;;;;;;
PRD00557;Shoes;UrbanCharm Clothing;70;Rp180,000;;;;;;;;;;;;;;;;;;;;;
PRD00558;Toys;GlamourGaze Cosmetics;120;Rp40,000;;;;;;;;;;;;;;;;;;;;;
PRD00559;Shoes;TrendyThreads Clothing;50;Rp160,000;;;;;;;;;;;;;;;;;;;;;
PRD00560;Cosmetics;WanderlustJourney Toys;30;Rp240,000;;;;;;;;;;;;;;;;;;;;;
PRD00561;Technology;TastyTidbits Food & Beverage;100;Rp50,000;;;;;;;;;;;;;;;;;;;;;
PRD00562;Souvenir;FlavorHaven Food & Beverage;60;Rp210,000;;;;;;;;;;;;;;;;;;;;;
PRD00563;Clothing;UrbanGlamour Clothing;70;Rp70,000;;;;;;;;;;;;;;;;;;;;;
PRD00564;Cosmetics;DreamyDelights Food & Beverage;20;Rp2,200,000;;;;;;;;;;;;;;;;;;;;;
PRD00565;Clothing;PlayfulWings Toys;90;Rp60,000;;;;;;;;;;;;;;;;;;;;;
PRD00566;Clothing;ComfyChic Clothing;40;Rp180,000;;;;;;;;;;;;;;;;;;;;;
PRD00567;Clothing;UrbanWanderer Clothing;30;Rp250,000;;;;;;;;;;;;;;;;;;;;;
PRD00568;Food & Beverage;EnchantingEssence Cosmetics;45;Rp190,000;;;;;;;;;;;;;;;;;;;;;
PRD00569;Cosmetics;StylishStitches Clothing;25;Rp280,000;;;;;;;;;;;;;;;;;;;;;
PRD00570;Clothing;GourmetGaze Food & Beverage;40;Rp220,000;;;;;;;;;;;;;;;;;;;;;
PRD00571;Clothing;UrbanStride Shoes;80;Rp100,000;;;;;;;;;;;;;;;;;;;;;
PRD00572;Technology;WhimsicalTrinkets Souvenir;60;Rp190,000;;;;;;;;;;;;;;;;;;;;;
PRD00573;Shoes;WanderlustShores Shoes;70;Rp200,000;;;;;;;;;;;;;;;;;;;;;
PRD00574;Cosmetics;TrendyTaste Food & Beverage;90;Rp70,000;;;;;;;;;;;;;;;;;;;;;
PRD00575;Food & Beverage;PlayfulTreasures Toys;35;Rp210,000;;;;;;;;;;;;;;;;;;;;;
PRD00576;Books;WanderlustWonders Clothing;40;Rp140,000;;;;;;;;;;;;;;;;;;;;;
PRD00577;Shoes;ChicNovels Books;30;Rp230,000;;;;;;;;;;;;;;;;;;;;;
PRD00578;Food & Beverage;GlamGoddess Cosmetics;80;Rp90,000;;;;;;;;;;;;;;;;;;;;;
PRD00579;Technology;UrbanSerenity Clothing;20;Rp250,000;;;;;;;;;;;;;;;;;;;;;
PRD00580;Shoes;FlavorHaven Food & Beverage;45;Rp190,000;;;;;;;;;;;;;;;;;;;;;
PRD00581;Clothing;DreamyDelicacies Food & Beverage;70;Rp80,000;;;;;;;;;;;;;;;;;;;;;
PRD00582;Souvenir;PlayfulVoyage Toys;40;Rp220,000;;;;;;;;;;;;;;;;;;;;;
PRD00583;Clothing;CozyCouture Clothing;100;Rp60,000;;;;;;;;;;;;;;;;;;;;;
PRD00584;Shoes;UrbanWanderer Clothing;30;Rp230,000;;;;;;;;;;;;;;;;;;;;;
PRD00585;Food & Beverage;StellarShades Cosmetics;50;Rp190,000;;;;;;;;;;;;;;;;;;;;;
PRD00586;Toys;StylishFusion Clothing;60;Rp180,000;;;;;;;;;;;;;;;;;;;;;
PRD00587;Shoes;GourmetGlimpse Food & Beverage;70;Rp80,000;;;;;;;;;;;;;;;;;;;;;
PRD00588;Food & Beverage;UrbanChic Clothing;25;Rp1,800,000;;;;;;;;;;;;;;;;;;;;;
PRD00589;Toys;WhimsicalWonders Toys;120;Rp40,000;;;;;;;;;;;;;;;;;;;;;
PRD00590;Technology;WanderlustFootsteps Shoes;30;Rp210,000;;;;;;;;;;;;;;;;;;;;;
PRD00591;Clothing;TrendyTemptations Food & Beverage;40;Rp240,000;;;;;;;;;;;;;;;;;;;;;
PRD00592;Cosmetics;PlayfulJourney Toys;70;Rp100,000;;;;;;;;;;;;;;;;;;;;;
PRD00593;Clothing;WanderlustThreads Clothing;50;Rp220,000;;;;;;;;;;;;;;;;;;;;;
PRD00594;Clothing;ComfyElegance Clothing;45;Rp190,000;;;;;;;;;;;;;;;;;;;;;
PRD00595;Food & Beverage;UrbanEssence Clothing;35;Rp280,000;;;;;;;;;;;;;;;;;;;;;
PRD00596;Toys;FlavorFiesta Food & Beverage;60;Rp90,000;;;;;;;;;;;;;;;;;;;;;
PRD00597;Cosmetics;DreamyDelights Food & Beverage;25;Rp210,000;;;;;;;;;;;;;;;;;;;;;
PRD00598;Clothing;PlayfulGems Toys;50;Rp150,000;;;;;;;;;;;;;;;;;;;;;
PRD00599;Cosmetics;WanderlustSands Shoes;20;Rp1,500,000;;;;;;;;;;;;;;;;;;;;;
PRD00600;Shoes;StylishVibes Clothing;40;Rp190,000;;;;;;;;;;;;;;;;;;;;;
PRD00601;Cosmetics;GlamourGlow Cosmetics;35;Rp230,000;;;;;;;;;;;;;;;;;;;;;
PRD00602;Clothing;ChicStitches Clothing;90;Rp80,000;;;;;;;;;;;;;;;;;;;;;
PRD00603;Clothing;TrendyTrends Clothing;70;Rp180,000;;;;;;;;;;;;;;;;;;;;;
PRD00604;Clothing;TechMaster Technology;120;Rp40,000;;;;;;;;;;;;;;;;;;;;;
PRD00605;Technology;ChicCharm Clothing;50;Rp160,000;;;;;;;;;;;;;;;;;;;;;
PRD00606;Clothing;NovelDelights Books;30;Rp240,000;;;;;;;;;;;;;;;;;;;;;
PRD00607;Books;EnchantingEssence Cosmetics;100;Rp50,000;;;;;;;;;;;;;;;;;;;;;
PRD00608;Cosmetics;FlavorHaven Food & Beverage;60;Rp210,000;;;;;;;;;;;;;;;;;;;;;
PRD00609;Food & Beverage;PlayfulToys Toys;70;Rp70,000;;;;;;;;;;;;;;;;;;;;;
PRD00610;Toys;TrendyTots Toys;20;Rp2,200,000;;;;;;;;;;;;;;;;;;;;;
PRD00611;Toys;StylishStrides Shoes;90;Rp60,000;;;;;;;;;;;;;;;;;;;;;
PRD00612;Shoes;UrbanElegance Clothing;40;Rp180,000;;;;;;;;;;;;;;;;;;;;;
PRD00613;Clothing;BeautyGlow Cosmetics;30;Rp250,000;;;;;;;;;;;;;;;;;;;;;
PRD00614;Cosmetics;RadiantGlam Cosmetics;45;Rp190,000;;;;;;;;;;;;;;;;;;;;;
PRD00615;Cosmetics;TechWizard Technology;25;Rp280,000;;;;;;;;;;;;;;;;;;;;;
PRD00616;Technology;DeliciousSips Food & Beverage;40;Rp220,000;;;;;;;;;;;;;;;;;;;;;
PRD00617;Food & Beverage;TechTrek Technology;80;Rp100,000;;;;;;;;;;;;;;;;;;;;;
PRD00618;Technology;ChicGlow Cosmetics;60;Rp190,000;;;;;;;;;;;;;;;;;;;;;
PRD00619;Cosmetics;FlavorFiesta Food & Beverage;70;Rp200,000;;;;;;;;;;;;;;;;;;;;;
PRD00620;Food & Beverage;FunPlay Toys;90;Rp70,000;;;;;;;;;;;;;;;;;;;;;
PRD00621;Toys;TrendyKicks Shoes;35;Rp210,000;;;;;;;;;;;;;;;;;;;;;
PRD00622;Shoes;GlowingBeauty Cosmetics;40;Rp140,000;;;;;;;;;;;;;;;;;;;;;
PRD00623;Cosmetics;RadiantCharms Cosmetics;30;Rp230,000;;;;;;;;;;;;;;;;;;;;;
PRD00624;Cosmetics;LuxeGlamour Cosmetics;80;Rp90,000;;;;;;;;;;;;;;;;;;;;;
PRD00625;Cosmetics;WanderlustTrinkets Souvenir;20;Rp250,000;;;;;;;;;;;;;;;;;;;;;
PRD00626;Souvenir;UrbanChic Clothing;45;Rp190,000;;;;;;;;;;;;;;;;;;;;;
PRD00627;Clothing;TechWhiz Technology;70;Rp80,000;;;;;;;;;;;;;;;;;;;;;
PRD00628;Technology;GourmetDelights Food & Beverage;40;Rp220,000;;;;;;;;;;;;;;;;;;;;;
PRD00629;Food & Beverage;ChicVoyage Clothing;100;Rp60,000;;;;;;;;;;;;;;;;;;;;;
PRD00630;Clothing;PlayfulSteps Toys;30;Rp230,000;;;;;;;;;;;;;;;;;;;;;
PRD00631;Cosmetics;CozyComfort Clothing;50;Rp190,000;;;;;;;;;;;;;;;;;;;;;
PRD00632;Toys;UrbanStride Shoes;60;Rp180,000;;;;;;;;;;;;;;;;;;;;;
PRD00633;Food & Beverage;BeautyEssence Cosmetics;70;Rp80,000;;;;;;;;;;;;;;;;;;;;;
PRD00634;Books;FlavorFusion Food & Beverage;25;Rp1,800,000;;;;;;;;;;;;;;;;;;;;;
PRD00635;Clothing;TrendyThreads Clothing;120;Rp40,000;;;;;;;;;;;;;;;;;;;;;
PRD00636;Toys;WanderlustTales Books;30;Rp210,000;;;;;;;;;;;;;;;;;;;;;
PRD00637;Clothing;GlamorousGlow Cosmetics;40;Rp240,000;;;;;;;;;;;;;;;;;;;;;
PRD00638;Food & Beverage;UrbanCharm Clothing;70;Rp100,000;;;;;;;;;;;;;;;;;;;;;
PRD00639;Clothing;TechSense Technology;50;Rp220,000;;;;;;;;;;;;;;;;;;;;;
PRD00640;Cosmetics;TastyTreats Food & Beverage;45;Rp190,000;;;;;;;;;;;;;;;;;;;;;
PRD00641;Shoes;PlayfulGems Toys;35;Rp280,000;;;;;;;;;;;;;;;;;;;;;
PRD00642;Clothing;WanderlustWardrobe Clothing;60;Rp90,000;;;;;;;;;;;;;;;;;;;;;
PRD00643;Shoes;ChicJourney Toys;25;Rp210,000;;;;;;;;;;;;;;;;;;;;;
PRD00644;Clothing;FlawlessGlam Cosmetics;50;Rp150,000;;;;;;;;;;;;;;;;;;;;;
PRD00645;Cosmetics;UrbanTrends Clothing;20;Rp1,500,000;;;;;;;;;;;;;;;;;;;;;
PRD00646;Food & Beverage;FlavorParadise Food & Beverage;40;Rp190,000;;;;;;;;;;;;;;;;;;;;;
PRD00647;Clothing;DreamyDelicacies Food & Beverage;35;Rp230,000;;;;;;;;;;;;;;;;;;;;;
PRD00648;Cosmetics;PlayfulWonders Toys;90;Rp80,000;;;;;;;;;;;;;;;;;;;;;
PRD00649;Clothing;CozyChic Clothing;70;Rp180,000;;;;;;;;;;;;;;;;;;;;;
PRD00650;Food & Beverage;WanderlustFootwear Shoes;120;Rp40,000;;;;;;;;;;;;;;;;;;;;;
PRD00651;Shoes;ChicTemptations Clothing;50;Rp160,000;;;;;;;;;;;;;;;;;;;;;
PRD00652;Cosmetics;GlitterGoddess Cosmetics;30;Rp240,000;;;;;;;;;;;;;;;;;;;;;
PRD00653;Cosmetics;WanderlustEscapes Clothing;100;Rp50,000;;;;;;;;;;;;;;;;;;;;;
PRD00654;Books;TastyTidbits Food & Beverage;60;Rp210,000;;;;;;;;;;;;;;;;;;;;;
PRD00655;Clothing;UrbanEssentials Clothing;70;Rp70,000;;;;;;;;;;;;;;;;;;;;;
PRD00656;Cosmetics;TechDreams Technology;20;Rp2,200,000;;;;;;;;;;;;;;;;;;;;;
PRD00657;Clothing;WanderlustWhispers Clothing;90;Rp60,000;;;;;;;;;;;;;;;;;;;;;
PRD00658;Clothing;DeliciousEats Food & Beverage;40;Rp180,000;;;;;;;;;;;;;;;;;;;;;
PRD00659;Shoes;PlayfulVoyage Toys;30;Rp250,000;;;;;;;;;;;;;;;;;;;;;
PRD00660;Toys;TrendyTravels Clothing;45;Rp190,000;;;;;;;;;;;;;;;;;;;;;
PRD00661;Books;ChicWanderer Clothing;25;Rp280,000;;;;;;;;;;;;;;;;;;;;;
PRD00662;Food & Beverage;RadiantGaze Cosmetics;40;Rp220,000;;;;;;;;;;;;;;;;;;;;;
PRD00663;Clothing;UrbanFlair Clothing;80;Rp100,000;;;;;;;;;;;;;;;;;;;;;
PRD00664;Souvenir;FlavorFiesta Food & Beverage;60;Rp190,000;;;;;;;;;;;;;;;;;;;;;
PRD00665;Food & Beverage;DreamyDelights Food & Beverage;70;Rp200,000;;;;;;;;;;;;;;;;;;;;;
PRD00666;Shoes;PlayfulGemstones Toys;90;Rp70,000;;;;;;;;;;;;;;;;;;;;;
PRD00667;Clothing;WanderlustSteps Shoes;35;Rp210,000;;;;;;;;;;;;;;;;;;;;;
PRD00668;Food & Beverage;StylishVibes Clothing;40;Rp140,000;;;;;;;;;;;;;;;;;;;;;
PRD00669;Clothing;TastyTreats Food & Beverage;30;Rp230,000;;;;;;;;;;;;;;;;;;;;;
PRD00670;Cosmetics;UrbanChic Clothing;80;Rp90,000;;;;;;;;;;;;;;;;;;;;;
PRD00671;Clothing;ChicGlow Cosmetics;20;Rp250,000;;;;;;;;;;;;;;;;;;;;;
PRD00672;Clothing;TrendyTrek Clothing;45;Rp190,000;;;;;;;;;;;;;;;;;;;;;
PRD00673;Cosmetics;DreamyTemptations Food & Beverage;70;Rp80,000;;;;;;;;;;;;;;;;;;;;;
PRD00674;Food & Beverage;PlayfulPals Toys;40;Rp220,000;;;;;;;;;;;;;;;;;;;;;
PRD00675;Toys;CozyComfort Clothing;100;Rp60,000;;;;;;;;;;;;;;;;;;;;;
PRD00676;Clothing;UrbanWanderlust Clothing;30;Rp230,000;;;;;;;;;;;;;;;;;;;;;
PRD00677;Clothing;RadiantEssence Cosmetics;50;Rp190,000;;;;;;;;;;;;;;;;;;;;;
PRD00678;Food & Beverage;WanderlustFashion Clothing;60;Rp180,000;;;;;;;;;;;;;;;;;;;;;
PRD00679;Shoes;FlavorParadise Food & Beverage;70;Rp80,000;;;;;;;;;;;;;;;;;;;;;
PRD00680;Clothing;PlayfulRhythms Toys;25;Rp1,800,000;;;;;;;;;;;;;;;;;;;;;
PRD00681;Toys;ChicThreads Clothing;120;Rp40,000;;;;;;;;;;;;;;;;;;;;;
PRD00682;Toys;DeliciousSips Food & Beverage;30;Rp210,000;;;;;;;;;;;;;;;;;;;;;
PRD00683;Clothing;StylishVoyage Clothing;40;Rp240,000;;;;;;;;;;;;;;;;;;;;;
PRD00684;Books;UrbanStride Shoes;70;Rp100,000;;;;;;;;;;;;;;;;;;;;;
PRD00685;Food & Beverage;BeautyGlam Cosmetics;50;Rp220,000;;;;;;;;;;;;;;;;;;;;;
PRD00686;Clothing;GlamourGaze Cosmetics;45;Rp190,000;;;;;;;;;;;;;;;;;;;;;
PRD00687;Cosmetics;TrendyTrends Clothing;35;Rp280,000;;;;;;;;;;;;;;;;;;;;;
PRD00688;Toys;TechVoyage Technology;60;Rp90,000;;;;;;;;;;;;;;;;;;;;;
PRD00689;Food & Beverage;WanderlustWonders Clothing;25;Rp210,000;;;;;;;;;;;;;;;;;;;;;
PRD00690;Clothing;FlavorfulBites Food & Beverage;50;Rp150,000;;;;;;;;;;;;;;;;;;;;;
PRD00691;Toys;PlayfulGems Toys;20;Rp1,500,000;;;;;;;;;;;;;;;;;;;;;
PRD00692;Cosmetics;ChicEscapes Clothing;40;Rp190,000;;;;;;;;;;;;;;;;;;;;;
PRD00693;Cosmetics;CozyCouture Clothing;35;Rp230,000;;;;;;;;;;;;;;;;;;;;;
PRD00694;Clothing;UrbanEssentials Clothing;90;Rp80,000;;;;;;;;;;;;;;;;;;;;;
PRD00695;Clothing;RadiantFlair Cosmetics;70;Rp180,000;;;;;;;;;;;;;;;;;;;;;
PRD00696;Technology;WanderlustSerenity Clothing;120;Rp40,000;;;;;;;;;;;;;;;;;;;;;
PRD00697;Clothing;TastyDelights Food & Beverage;50;Rp160,000;;;;;;;;;;;;;;;;;;;;;
PRD00698;Shoes;PlayfulJourney Toys;30;Rp240,000;;;;;;;;;;;;;;;;;;;;;
PRD00699;Clothing;TrendyTrinkets Clothing;100;Rp50,000;;;;;;;;;;;;;;;;;;;;;
PRD00700;Food & Beverage;ChicChapters Books;60;Rp210,000;;;;;;;;;;;;;;;;;;;;;
PRD00701;Shoes;GlamGoddess Cosmetics;70;Rp70,000;;;;;;;;;;;;;;;;;;;;;
PRD00702;Souvenir;UrbanSerenity Clothing;20;Rp2,200,000;;;;;;;;;;;;;;;;;;;;;
PRD00703;Food & Beverage;FlavorfulSips Food & Beverage;90;Rp60,000;;;;;;;;;;;;;;;;;;;;;
PRD00704;Souvenir;DreamyDelicacies Food & Beverage;40;Rp180,000;;;;;;;;;;;;;;;;;;;;;
PRD00705;Clothing;PlayfulVoyage Toys;30;Rp250,000;;;;;;;;;;;;;;;;;;;;;
PRD00706;Cosmetics;WanderlustFootsteps Shoes;45;Rp190,000;;;;;;;;;;;;;;;;;;;;;
PRD00707;Cosmetics;StylishVibes Clothing;25;Rp280,000;;;;;;;;;;;;;;;;;;;;;
PRD00708;Cosmetics;TastyTreats Food & Beverage;40;Rp220,000;;;;;;;;;;;;;;;;;;;;;
PRD00709;Food & Beverage;UrbanChic Clothing;80;Rp100,000;;;;;;;;;;;;;;;;;;;;;
PRD00710;Clothing;ChicGlow Cosmetics;60;Rp190,000;;;;;;;;;;;;;;;;;;;;;
PRD00711;Clothing;TrendyThreads Clothing;70;Rp200,000;;;;;;;;;;;;;;;;;;;;;
PRD00712;Food & Beverage;FlavorfulTrek Food & Beverage;90;Rp70,000;;;;;;;;;;;;;;;;;;;;;
PRD00713;Technology;Cosmetics;35;Rp210,000;;;;;;;;;;;;;;;;;;;;;
PRD00714;Clothing;PlayfulPals Toys;40;Rp140,000;;;;;;;;;;;;;;;;;;;;;
PRD00715;Clothing;CozyComfort Clothing;30;Rp230,000;;;;;;;;;;;;;;;;;;;;;
PRD00716;Cosmetics;UrbanWanderlust Clothing;80;Rp90,000;;;;;;;;;;;;;;;;;;;;;
PRD00717;Clothing;RadiantEssence Cosmetics;20;Rp250,000;;;;;;;;;;;;;;;;;;;;;
PRD00718;Technology;WanderlustFashion Clothing;45;Rp190,000;;;;;;;;;;;;;;;;;;;;;
PRD00719;Clothing;FlavorParadise Food & Beverage;70;Rp80,000;;;;;;;;;;;;;;;;;;;;;
PRD00720;Food & Beverage;PlayfulRhythms Toys;40;Rp220,000;;;;;;;;;;;;;;;;;;;;;
PRD00721;Clothing;ChicThreads Clothing;100;Rp60,000;;;;;;;;;;;;;;;;;;;;;
PRD00722;Cosmetics;DeliciousSips Food & Beverage;30;Rp230,000;;;;;;;;;;;;;;;;;;;;;
PRD00723;Food & Beverage;StylishVoyage Clothing;50;Rp190,000;;;;;;;;;;;;;;;;;;;;;
PRD00724;Cosmetics;UrbanStride Shoes;60;Rp180,000;;;;;;;;;;;;;;;;;;;;;
PRD00725;Clothing;BeautyGlam Cosmetics;70;Rp80,000;;;;;;;;;;;;;;;;;;;;;
PRD00726;Food & Beverage;GlamourGaze Cosmetics;25;Rp1,800,000;;;;;;;;;;;;;;;;;;;;;
PRD00727;Toys;TrendyTrends Clothing;120;Rp40,000;;;;;;;;;;;;;;;;;;;;;
PRD00728;Books;TechVoyage Technology;30;Rp210,000;;;;;;;;;;;;;;;;;;;;;
PRD00729;Shoes;WanderlustWonders Clothing;40;Rp240,000;;;;;;;;;;;;;;;;;;;;;
PRD00730;Shoes;FlavorfulBites Food & Beverage;70;Rp100,000;;;;;;;;;;;;;;;;;;;;;
PRD00731;Clothing;PlayfulGems Toys;50;Rp220,000;;;;;;;;;;;;;;;;;;;;;
PRD00732;Clothing;ChicEscapes Clothing;45;Rp190,000;;;;;;;;;;;;;;;;;;;;;
PRD00733;Cosmetics;CozyCouture Clothing;35;Rp280,000;;;;;;;;;;;;;;;;;;;;;
PRD00734;Shoes;UrbanEssentials Clothing;60;Rp90,000;;;;;;;;;;;;;;;;;;;;;
PRD00735;Books;RadiantFlair Cosmetics;25;Rp210,000;;;;;;;;;;;;;;;;;;;;;
PRD00736;Food & Beverage;WanderlustSerenity Clothing;50;Rp150,000;;;;;;;;;;;;;;;;;;;;;
PRD00737;Food & Beverage;TastyDelights Food & Beverage;20;Rp1,500,000;;;;;;;;;;;;;;;;;;;;;
PRD00738;Food & Beverage;PlayfulJourney Toys;40;Rp190,000;;;;;;;;;;;;;;;;;;;;;
PRD00739;Clothing;TrendyTrinkets Clothing;35;Rp230,000;;;;;;;;;;;;;;;;;;;;;
PRD00740;Souvenir;ChicChapters Books;90;Rp80,000;;;;;;;;;;;;;;;;;;;;;
PRD00741;Shoes;GlamGoddess Cosmetics;70;Rp180,000;;;;;;;;;;;;;;;;;;;;;
PRD00742;Technology;UrbanSerenity Clothing;120;Rp40,000;;;;;;;;;;;;;;;;;;;;;
PRD00743;Clothing;Food & Beverage;50;Rp160,000;;;;;;;;;;;;;;;;;;;;;
PRD00744;Books;DreamyDelicacies Food & Beverage;30;Rp240,000;;;;;;;;;;;;;;;;;;;;;
PRD00745;Clothing;PlayfulVoyage Toys;100;Rp50,000;;;;;;;;;;;;;;;;;;;;;
PRD00746;Souvenir;WanderlustFootsteps Shoes;60;Rp210,000;;;;;;;;;;;;;;;;;;;;;
PRD00747;Toys;StylishVibes Clothing;70;Rp70,000;;;;;;;;;;;;;;;;;;;;;
PRD00748;Cosmetics;TastyTreats Food & Beverage;20;Rp2,200,000;;;;;;;;;;;;;;;;;;;;;
PRD00749;Food & Beverage;UrbanChic Clothing;90;Rp60,000;;;;;;;;;;;;;;;;;;;;;
PRD00750;Clothing;ChicGlow Cosmetics;40;Rp180,000;;;;;;;;;;;;;;;;;;;;;
PRD00751;Food & Beverage;TrendyThreads Clothing;30;Rp250,000;;;;;;;;;;;;;;;;;;;;;
PRD00752;Technology;FlavorfulTrek Food & Beverage;45;Rp190,000;;;;;;;;;;;;;;;;;;;;;
PRD00753;Clothing;DreamyTemptations Food & Beverage;25;Rp280,000;;;;;;;;;;;;;;;;;;;;;
PRD00754;Clothing;PlayfulPals Toys;40;Rp220,000;;;;;;;;;;;;;;;;;;;;;
PRD00755;Food & Beverage;CozyComfort Clothing;80;Rp100,000;;;;;;;;;;;;;;;;;;;;;
PRD00756;Clothing;UrbanWanderlust Clothing;60;Rp190,000;;;;;;;;;;;;;;;;;;;;;
PRD00757;Clothing;RadiantEssence Cosmetics;70;Rp200,000;;;;;;;;;;;;;;;;;;;;;
PRD00758;Cosmetics;WanderlustFashion Clothing;90;Rp70,000;;;;;;;;;;;;;;;;;;;;;
PRD00759;Clothing;FlavorParadise Food & Beverage;35;Rp210,000;;;;;;;;;;;;;;;;;;;;;
PRD00760;Cosmetics;PlayfulRhythms Toys;40;Rp140,000;;;;;;;;;;;;;;;;;;;;;
PRD00761;Cosmetics;ChicThreads Clothing;30;Rp230,000;;;;;;;;;;;;;;;;;;;;;
PRD00762;Food & Beverage;DeliciousSips Food & Beverage;80;Rp90,000;;;;;;;;;;;;;;;;;;;;;
PRD00763;Toys;StylishVoyage Clothing;20;Rp250,000;;;;;;;;;;;;;;;;;;;;;
PRD00764;Toys;UrbanStride Shoes;45;Rp190,000;;;;;;;;;;;;;;;;;;;;;
PRD00765;Clothing;BeautyGlam Cosmetics;70;Rp80,000;;;;;;;;;;;;;;;;;;;;;
PRD00766;Food & Beverage;Cosmetics;40;Rp220,000;;;;;;;;;;;;;;;;;;;;;
PRD00767;Cosmetics;TrendyTrends Clothing;100;Rp60,000;;;;;;;;;;;;;;;;;;;;;
PRD00768;Books;TechVoyage Technology;30;Rp230,000;;;;;;;;;;;;;;;;;;;;;
PRD00769;Toys;WanderlustWonders Clothing;50;Rp190,000;;;;;;;;;;;;;;;;;;;;;
PRD00770;Clothing;FlavorfulBites Food & Beverage;60;Rp180,000;;;;;;;;;;;;;;;;;;;;;
PRD00771;Clothing;PlayfulGems Toys;70;Rp80,000;;;;;;;;;;;;;;;;;;;;;
PRD00772;Clothing;ChicEscapes Clothing;25;Rp1,800,000;;;;;;;;;;;;;;;;;;;;;
PRD00773;Books;CozyCouture Clothing;120;Rp40,000;;;;;;;;;;;;;;;;;;;;;
PRD00774;Clothing;UrbanEssentials Clothing;30;Rp210,000;;;;;;;;;;;;;;;;;;;;;
PRD00775;Clothing;RadiantFlair Cosmetics;40;Rp240,000;;;;;;;;;;;;;;;;;;;;;
PRD00776;Food & Beverage;WanderlustSerenity Clothing;70;Rp100,000;;;;;;;;;;;;;;;;;;;;;
PRD00777;Clothing;TastyDelights Food & Beverage;50;Rp220,000;;;;;;;;;;;;;;;;;;;;;
PRD00778;Toys;PlayfulJourney Toys;45;Rp190,000;;;;;;;;;;;;;;;;;;;;;
PRD00779;Clothing;TrendyTrinkets Clothing;35;Rp280,000;;;;;;;;;;;;;;;;;;;;;
PRD00780;Books;ChicChapters Books;60;Rp90,000;;;;;;;;;;;;;;;;;;;;;
PRD00781;Souvenir;GlamGoddess Cosmetics;25;Rp210,000;;;;;;;;;;;;;;;;;;;;;
PRD00782;Clothing;UrbanSerenity Clothing;50;Rp150,000;;;;;;;;;;;;;;;;;;;;;
PRD00783;Shoes;FlavorfulSips Food & Beverage;20;Rp1,500,000;;;;;;;;;;;;;;;;;;;;;
PRD00784;Souvenir;DreamyDelicacies Food & Beverage;40;Rp190,000;;;;;;;;;;;;;;;;;;;;;
PRD00785;Books;PlayfulVoyage Toys;35;Rp230,000;;;;;;;;;;;;;;;;;;;;;
PRD00786;Clothing;WanderlustFootsteps Shoes;90;Rp80,000;;;;;;;;;;;;;;;;;;;;;
PRD00787;Cosmetics;StylishVibes Clothing;70;Rp180,000;;;;;;;;;;;;;;;;;;;;;
PRD00788;Cosmetics;TastyTreats Food & Beverage;120;Rp40,000;;;;;;;;;;;;;;;;;;;;;
PRD00789;Cosmetics;UrbanChic Clothing;50;Rp160,000;;;;;;;;;;;;;;;;;;;;;
PRD00790;Shoes;ChicGlow Cosmetics;30;Rp240,000;;;;;;;;;;;;;;;;;;;;;
PRD00791;Technology;TrendyThreads Clothing;100;Rp50,000;;;;;;;;;;;;;;;;;;;;;
PRD00792;Cosmetics;FlavorfulTrek Food & Beverage;60;Rp210,000;;;;;;;;;;;;;;;;;;;;;
PRD00793;Clothing;DreamyTemptations Food & Beverage;70;Rp70,000;;;;;;;;;;;;;;;;;;;;;
PRD00794;Clothing;PlayfulPals Toys;20;Rp2,200,000;;;;;;;;;;;;;;;;;;;;;
PRD00795;Clothing;CozyComfort Clothing;90;Rp60,000;;;;;;;;;;;;;;;;;;;;;
PRD00796;Clothing;UrbanWanderlust Clothing;40;Rp180,000;;;;;;;;;;;;;;;;;;;;;
PRD00797;Clothing;RadiantEssence Cosmetics;30;Rp250,000;;;;;;;;;;;;;;;;;;;;;
PRD00798;Technology;WanderlustFashion Clothing;45;Rp190,000;;;;;;;;;;;;;;;;;;;;;
PRD00799;Clothing;FlavorParadise Food & Beverage;25;Rp280,000;;;;;;;;;;;;;;;;;;;;;
PRD00800;Food & Beverage;PlayfulRhythms Toys;40;Rp220,000;;;;;;;;;;;;;;;;;;;;;
PRD00801;Shoes;ChicThreads Clothing;80;Rp100,000;;;;;;;;;;;;;;;;;;;;;
PRD00802;Clothing;DeliciousSips Food & Beverage;60;Rp190,000;;;;;;;;;;;;;;;;;;;;;
PRD00803;Clothing;StylishVoyage Clothing;70;Rp200,000;;;;;;;;;;;;;;;;;;;;;
PRD00804;Food & Beverage;UrbanStride Shoes;90;Rp70,000;;;;;;;;;;;;;;;;;;;;;
PRD00805;Souvenir;BeautyGlam Cosmetics;35;Rp210,000;;;;;;;;;;;;;;;;;;;;;
PRD00806;Technology;GlamourGaze Cosmetics;40;Rp140,000;;;;;;;;;;;;;;;;;;;;;
PRD00807;Clothing;TrendyTrends Clothing;30;Rp230,000;;;;;;;;;;;;;;;;;;;;;
PRD00808;Clothing;TechVoyage Technology;80;Rp90,000;;;;;;;;;;;;;;;;;;;;;
PRD00809;Books;WanderlustWonders Clothing;20;Rp250,000;;;;;;;;;;;;;;;;;;;;;
PRD00810;Books;FlavorfulBites Food & Beverage;45;Rp190,000;;;;;;;;;;;;;;;;;;;;;
PRD00811;Food & Beverage;PlayfulGems Toys;100;Rp250,000;;;;;;;;;;;;;;;;;;;;;
PRD00812;Cosmetics;ChicEscapes Clothing;30;Rp190,000;;;;;;;;;;;;;;;;;;;;;
PRD00813;Clothing;CozyCouture Clothing;50;Rp80,000;;;;;;;;;;;;;;;;;;;;;
PRD00814;Clothing;UrbanEssentials Clothing;60;Rp220,000;;;;;;;;;;;;;;;;;;;;;
PRD00815;Food & Beverage;RadiantFlair Cosmetics;70;Rp60,000;;;;;;;;;;;;;;;;;;;;;
PRD00816;Toys;WanderlustSerenity Clothing;25;Rp230,000;;;;;;;;;;;;;;;;;;;;;
PRD00817;Clothing;TastyDelights Food & Beverage;120;Rp190,000;;;;;;;;;;;;;;;;;;;;;
PRD00818;Cosmetics;PlayfulJourney Toys;30;Rp180,000;;;;;;;;;;;;;;;;;;;;;
PRD00819;Food & Beverage;TrendyTrinkets Clothing;40;Rp80,000;;;;;;;;;;;;;;;;;;;;;
PRD00820;Cosmetics;ChicChapters Books;70;Rp1,800,000;;;;;;;;;;;;;;;;;;;;;
PRD00821;Cosmetics;GlamGoddess Cosmetics;50;Rp40,000;;;;;;;;;;;;;;;;;;;;;
PRD00822;Clothing;UrbanSerenity Clothing;45;Rp210,000;;;;;;;;;;;;;;;;;;;;;
PRD00823;Cosmetics;FlavorfulSips Food & Beverage;35;Rp240,000;;;;;;;;;;;;;;;;;;;;;
PRD00824;Clothing;DreamyDelicacies Food & Beverage;60;Rp100,000;;;;;;;;;;;;;;;;;;;;;
PRD00825;Clothing;PlayfulVoyage Toys;25;Rp220,000;;;;;;;;;;;;;;;;;;;;;
PRD00826;Clothing;WanderlustFootsteps Shoes;50;Rp190,000;;;;;;;;;;;;;;;;;;;;;
PRD00827;Clothing;StylishVibes Clothing;20;Rp280,000;;;;;;;;;;;;;;;;;;;;;
PRD00828;Shoes;TastyTreats Food & Beverage;40;Rp90,000;;;;;;;;;;;;;;;;;;;;;
PRD00829;Shoes;UrbanChic Clothing;35;Rp210,000;;;;;;;;;;;;;;;;;;;;;
PRD00830;Shoes;ChicGlow Cosmetics;90;Rp150,000;;;;;;;;;;;;;;;;;;;;;
PRD00831;Clothing;TrendyThreads Clothing;70;Rp1,500,000;;;;;;;;;;;;;;;;;;;;;
PRD00832;Clothing;FlavorfulTrek Food & Beverage;120;Rp190,000;;;;;;;;;;;;;;;;;;;;;
PRD00833;Toys;DreamyTemptations Food & Beverage;50;Rp230,000;;;;;;;;;;;;;;;;;;;;;
PRD00834;Food & Beverage;PlayfulPals Toys;30;Rp80,000;;;;;;;;;;;;;;;;;;;;;
PRD00835;Clothing;CozyComfort Clothing;100;Rp180,000;;;;;;;;;;;;;;;;;;;;;
PRD00836;Clothing;UrbanWanderlust Clothing;60;Rp40,000;;;;;;;;;;;;;;;;;;;;;
PRD00837;Cosmetics;RadiantEssence Cosmetics;70;Rp160,000;;;;;;;;;;;;;;;;;;;;;
PRD00838;Shoes;WanderlustFashion Clothing;20;Rp240,000;;;;;;;;;;;;;;;;;;;;;
PRD00839;Cosmetics;FlavorParadise Food & Beverage;90;Rp50,000;;;;;;;;;;;;;;;;;;;;;
PRD00840;Clothing;PlayfulRhythms Toys;40;Rp210,000;;;;;;;;;;;;;;;;;;;;;
PRD00841;Technology;ChicThreads Clothing;30;Rp70,000;;;;;;;;;;;;;;;;;;;;;
PRD00842;Books;DeliciousSips Food & Beverage;45;Rp2,200,000;;;;;;;;;;;;;;;;;;;;;
PRD00843;Clothing;StylishVoyage Clothing;25;Rp60,000;;;;;;;;;;;;;;;;;;;;;
PRD00844;Books;UrbanStride Shoes;40;Rp180,000;;;;;;;;;;;;;;;;;;;;;
PRD00845;Clothing;BeautyGlam Cosmetics;80;Rp250,000;;;;;;;;;;;;;;;;;;;;;
PRD00846;Clothing;GlamourGaze Cosmetics;60;Rp190,000;;;;;;;;;;;;;;;;;;;;;
PRD00847;Clothing;TrendyTrends Clothing;70;Rp280,000;;;;;;;;;;;;;;;;;;;;;
PRD00848;Food & Beverage;TechVoyage Technology;90;Rp220,000;;;;;;;;;;;;;;;;;;;;;
PRD00849;Clothing;WanderlustWonders Clothing;35;Rp100,000;;;;;;;;;;;;;;;;;;;;;
PRD00850;Cosmetics;FlavorfulBites Food & Beverage;40;Rp190,000;;;;;;;;;;;;;;;;;;;;;
PRD00851;Clothing;PlayfulGems Toys;30;Rp200,000;;;;;;;;;;;;;;;;;;;;;
PRD00852;Clothing;ChicEscapes Clothing;80;Rp70,000;;;;;;;;;;;;;;;;;;;;;
PRD00853;Cosmetics;CozyCouture Clothing;20;Rp210,000;;;;;;;;;;;;;;;;;;;;;
PRD00854;Food & Beverage;UrbanEssentials Clothing;45;Rp140,000;;;;;;;;;;;;;;;;;;;;;
PRD00855;Shoes;RadiantFlair Cosmetics;70;Rp230,000;;;;;;;;;;;;;;;;;;;;;
PRD00856;Clothing;WanderlustSerenity Clothing;40;Rp90,000;;;;;;;;;;;;;;;;;;;;;
PRD00857;Food & Beverage;TastyDelights Food & Beverage;100;Rp250,000;;;;;;;;;;;;;;;;;;;;;
PRD00858;Clothing;PlayfulJourney Toys;30;Rp190,000;;;;;;;;;;;;;;;;;;;;;
PRD00859;Clothing;TrendyTrinkets Clothing;50;Rp80,000;;;;;;;;;;;;;;;;;;;;;
PRD00860;Souvenir;ChicChapters Books;60;Rp220,000;;;;;;;;;;;;;;;;;;;;;
PRD00861;Shoes;GlamGoddess Cosmetics;70;Rp60,000;;;;;;;;;;;;;;;;;;;;;
PRD00862;Shoes;UrbanSerenity Clothing;25;Rp230,000;;;;;;;;;;;;;;;;;;;;;
PRD00863;Clothing;FlavorfulSips Food & Beverage;120;Rp190,000;;;;;;;;;;;;;;;;;;;;;
PRD00864;Cosmetics;DreamyDelicacies Food & Beverage;30;Rp180,000;;;;;;;;;;;;;;;;;;;;;
PRD00865;Cosmetics;PlayfulVoyage Toys;40;Rp80,000;;;;;;;;;;;;;;;;;;;;;
PRD00866;Souvenir;WanderlustFootsteps Shoes;70;Rp1,800,000;;;;;;;;;;;;;;;;;;;;;
PRD00867;Food & Beverage;StylishVibes Clothing;50;Rp40,000;;;;;;;;;;;;;;;;;;;;;
PRD00868;Shoes;TastyTreats Food & Beverage;45;Rp210,000;;;;;;;;;;;;;;;;;;;;;
PRD00869;Technology;UrbanChic Clothing;20;Rp240,000;;;;;;;;;;;;;;;;;;;;;
PRD00870;Food & Beverage;ChicGlow Cosmetics;30;Rp100,000;;;;;;;;;;;;;;;;;;;;;
PRD00871;Souvenir;TrendyThreads Clothing;15;Rp220,000;;;;;;;;;;;;;;;;;;;;;
PRD00872;Souvenir;FlavorfulTrek Food & Beverage;60;Rp190,000;;;;;;;;;;;;;;;;;;;;;
PRD00873;Toys;DreamyTemptations Food & Beverage;70;Rp280,000;;;;;;;;;;;;;;;;;;;;;
PRD00874;Cosmetics;PlayfulPals Toys;80;Rp90,000;;;;;;;;;;;;;;;;;;;;;
PRD00875;Toys;CozyComfort Clothing;20;Rp210,000;;;;;;;;;;;;;;;;;;;;;
PRD00876;Clothing;UrbanWanderlust Clothing;150;Rp150,000;;;;;;;;;;;;;;;;;;;;;
PRD00877;Cosmetics;RadiantEssence Cosmetics;55;Rp1,500,000;;;;;;;;;;;;;;;;;;;;;
PRD00878;Clothing;WanderlustFashion Clothing;25;Rp190,000;;;;;;;;;;;;;;;;;;;;;
PRD00879;Cosmetics;FlavorParadise Food & Beverage;90;Rp230,000;;;;;;;;;;;;;;;;;;;;;
PRD00880;Clothing;PlayfulRhythms Toys;60;Rp80,000;;;;;;;;;;;;;;;;;;;;;
PRD00881;Shoes;ChicThreads Clothing;70;Rp180,000;;;;;;;;;;;;;;;;;;;;;
PRD00882;Books;DeliciousSips Food & Beverage;35;Rp40,000;;;;;;;;;;;;;;;;;;;;;
PRD00883;Technology;StylishVoyage Clothing;40;Rp160,000;;;;;;;;;;;;;;;;;;;;;
PRD00884;Shoes;UrbanStride Shoes;100;Rp240,000;;;;;;;;;;;;;;;;;;;;;
PRD00885;Shoes;BeautyGlam Cosmetics;80;Rp50,000;;;;;;;;;;;;;;;;;;;;;
PRD00886;Clothing;GlamourGaze Cosmetics;70;Rp210,000;;;;;;;;;;;;;;;;;;;;;
PRD00887;Clothing;TrendyTrends Clothing;50;Rp70,000;;;;;;;;;;;;;;;;;;;;;
PRD00888;Food & Beverage;TechVoyage Technology;120;Rp2,200,000;;;;;;;;;;;;;;;;;;;;;
PRD00889;Cosmetics;WanderlustWonders Clothing;60;Rp60,000;;;;;;;;;;;;;;;;;;;;;
PRD00890;Toys;FlavorfulBites Food & Beverage;40;Rp180,000;;;;;;;;;;;;;;;;;;;;;
PRD00891;Cosmetics;PlayfulGems Toys;90;Rp250,000;;;;;;;;;;;;;;;;;;;;;
PRD00892;Souvenir;ChicEscapes Clothing;70;Rp190,000;;;;;;;;;;;;;;;;;;;;;
PRD00893;Shoes;CozyCouture Clothing;110;Rp280,000;;;;;;;;;;;;;;;;;;;;;
PRD00894;Technology;UrbanEssentials Clothing;35;Rp220,000;;;;;;;;;;;;;;;;;;;;;
PRD00895;Clothing;RadiantFlair Cosmetics;45;Rp100,000;;;;;;;;;;;;;;;;;;;;;
PRD00896;Cosmetics;WanderlustSerenity Clothing;80;Rp190,000;;;;;;;;;;;;;;;;;;;;;
PRD00897;Cosmetics;TastyDelights Food & Beverage;120;Rp200,000;;;;;;;;;;;;;;;;;;;;;
PRD00898;Shoes;PlayfulJourney Toys;25;Rp70,000;;;;;;;;;;;;;;;;;;;;;
PRD00899;Technology;TrendyTrinkets Clothing;50;Rp210,000;;;;;;;;;;;;;;;;;;;;;
PRD00900;Clothing;ChicChapters Books;30;Rp140,000;;;;;;;;;;;;;;;;;;;;;
PRD00901;Clothing;Fashionista's Choice;80;Rp230,000;;;;;;;;;;;;;;;;;;;;;
PRD00902;Food & Beverage;Delightful Bites;60;Rp90,000;;;;;;;;;;;;;;;;;;;;;
PRD00903;Technology;Tech Innovations;40;Rp250,000;;;;;;;;;;;;;;;;;;;;;
PRD00904;Cosmetics;GlamourGlow;20;Rp190,000;;;;;;;;;;;;;;;;;;;;;
PRD00905;Clothing;UrbanChic;60;Rp80,000;;;;;;;;;;;;;;;;;;;;;
PRD00906;Shoes;StepUp Footwear;30;Rp220,000;;;;;;;;;;;;;;;;;;;;;
PRD00907;Clothing;ComfortTrends;50;Rp60,000;;;;;;;;;;;;;;;;;;;;;
PRD00908;Cosmetics;BeautyHaven;70;Rp230,000;;;;;;;;;;;;;;;;;;;;;
PRD00909;Clothing;CasualEssentials;30;Rp190,000;;;;;;;;;;;;;;;;;;;;;
PRD00910;Clothing;TrendyThreads;40;Rp180,000;;;;;;;;;;;;;;;;;;;;;
PRD00911;Clothing;VintageVogue;60;Rp60,000;;;;;;;;;;;;;;;;;;;;;
PRD00912;Clothing;AthleisureElite;80;Rp180,000;;;;;;;;;;;;;;;;;;;;;
PRD00913;Cosmetics;LuxeGlow;25;Rp250,000;;;;;;;;;;;;;;;;;;;;;
PRD00914;Cosmetics;YouthfulGlow;15;Rp190,000;;;;;;;;;;;;;;;;;;;;;
PRD00915;Clothing;DapperDenim;45;Rp280,000;;;;;;;;;;;;;;;;;;;;;
PRD00916;Clothing;EcoChic;40;Rp220,000;;;;;;;;;;;;;;;;;;;;;
PRD00917;Cosmetics;LipSmitten;70;Rp100,000;;;;;;;;;;;;;;;;;;;;;
PRD00918;Clothing;ArtisticApparel;30;Rp190,000;;;;;;;;;;;;;;;;;;;;;
PRD00919;Toys;PlayfulWonders;40;Rp200,000;;;;;;;;;;;;;;;;;;;;;
PRD00920;Technology;SmartTech Gadgets;80;Rp70,000;;;;;;;;;;;;;;;;;;;;;
PRD00921;Shoes;SportySoles;25;Rp210,000;;;;;;;;;;;;;;;;;;;;;
PRD00922;Technology;DigitalWonders;50;Rp140,000;;;;;;;;;;;;;;;;;;;;;
PRD00923;Clothing;ChicCouture;45;Rp230,000;;;;;;;;;;;;;;;;;;;;;
PRD00924;Cosmetics;FlawlessFusion;60;Rp90,000;;;;;;;;;;;;;;;;;;;;;
PRD00925;Toys;FunTime Toys;30;Rp250,000;;;;;;;;;;;;;;;;;;;;;
PRD00926;Shoes;ComfortStride;20;Rp190,000;;;;;;;;;;;;;;;;;;;;;
PRD00927;Souvenir;MemoriesKeepsake;25;Rp80,000;;;;;;;;;;;;;;;;;;;;;
PRD00928;Cosmetics;Nature'sGlow;70;Rp220,000;;;;;;;;;;;;;;;;;;;;;
PRD00929;Cosmetics;TimelessBeauty;90;Rp60,000;;;;;;;;;;;;;;;;;;;;;
PRD00930;Food & Beverage;TasteBurst;50;Rp230,000;;;;;;;;;;;;;;;;;;;;;
PRD00931;Cosmetics;FreshFaced;120;Rp190,000;;;;;;;;;;;;;;;;;;;;;
PRD00932;Souvenir;LocalTreasures;30;Rp180,000;;;;;;;;;;;;;;;;;;;;;
PRD00933;Shoes;FeetPerfection;40;Rp80,000;;;;;;;;;;;;;;;;;;;;;
PRD00934;Food & Beverage;SipNSavor;70;Rp1,800,000;;;;;;;;;;;;;;;;;;;;;
PRD00935;Books;PageTurners;80;Rp40,000;;;;;;;;;;;;;;;;;;;;;
PRD00936;Clothing;BohoBoutique;35;Rp210,000;;;;;;;;;;;;;;;;;;;;;
PRD00937;Food & Beverage;CulinaryDelights;30;Rp240,000;;;;;;;;;;;;;;;;;;;;;
PRD00938;Clothing;WanderlustWear;40;Rp100,000;;;;;;;;;;;;;;;;;;;;;
PRD00939;Souvenir;ExoticTales;25;Rp220,000;;;;;;;;;;;;;;;;;;;;;
PRD00940;Food & Beverage;GourmetBliss;60;Rp190,000;;;;;;;;;;;;;;;;;;;;;
PRD00941;Cosmetics;BlushingBeauty;20;Rp280,000;;;;;;;;;;;;;;;;;;;;;
PRD00942;Souvenir;LocalLegends;50;Rp90,000;;;;;;;;;;;;;;;;;;;;;
PRD00943;Food & Beverage;TastyTreats;80;Rp210,000;;;;;;;;;;;;;;;;;;;;;
PRD00944;Toys;CreativePlay;40;Rp150,000;;;;;;;;;;;;;;;;;;;;;
PRD00945;Cosmetics;EtherealGlow;30;Rp1,500,000;;;;;;;;;;;;;;;;;;;;;
PRD00946;Clothing;ClassicThreads;45;Rp190,000;;;;;;;;;;;;;;;;;;;;;
PRD00947;Food & Beverage;FlavorFiesta;25;Rp230,000;;;;;;;;;;;;;;;;;;;;;
PRD00948;Food & Beverage;ThirstQuenchers;40;Rp80,000;;;;;;;;;;;;;;;;;;;;;
PRD00949;Shoes;TrendsetterKicks;35;Rp180,000;;;;;;;;;;;;;;;;;;;;;
PRD00950;Cosmetics;RadiantYou;50;Rp40,000;;;;;;;;;;;;;;;;;;;;;
PRD00951;Shoes;StepAheadFootwear;70;Rp160,000;;;;;;;;;;;;;;;;;;;;;
PRD00952;Souvenir;SouvenirXperience;40;Rp240,000;;;;;;;;;;;;;;;;;;;;;
PRD00953;Food & Beverage;FreshFlavors;80;Rp50,000;;;;;;;;;;;;;;;;;;;;;
PRD00954;Cosmetics;GlamourEssentials;30;Rp210,000;;;;;;;;;;;;;;;;;;;;;
PRD00955;Shoes;SoothingSteps;60;Rp70,000;;;;;;;;;;;;;;;;;;;;;
PRD00956;Books;LiteraryEscape;25;Rp2,200,000;;;;;;;;;;;;;;;;;;;;;
PRD00957;Technology;GadgetGurus;45;Rp60,000;;;;;;;;;;;;;;;;;;;;;
PRD00958;Clothing;PlayfulPicks;45;Rp180,000;;;;;;;;;;;;;;;;;;;;;
PRD00959;Toys;ImaginationLand;70;Rp250,000;;;;;;;;;;;;;;;;;;;;;
PRD00960;Clothing;EcoWarriorWear;40;Rp190,000;;;;;;;;;;;;;;;;;;;;;
PRD00961;Cosmetics;TimelessTrends;100;Rp280,000;;;;;;;;;;;;;;;;;;;;;
PRD00962;Toys;WonderWorld;30;Rp220,000;;;;;;;;;;;;;;;;;;;;;
PRD00963;Food & Beverage;SavorSensations;50;Rp100,000;;;;;;;;;;;;;;;;;;;;;
PRD00964;Clothing;MinimalistStyle;60;Rp190,000;;;;;;;;;;;;;;;;;;;;;
PRD00965;Technology;SmartLivingTech;70;Rp200,000;;;;;;;;;;;;;;;;;;;;;
PRD00966;Clothing;CasualCool;25;Rp70,000;;;;;;;;;;;;;;;;;;;;;
PRD00967;Clothing;VintageVibes;120;Rp210,000;;;;;;;;;;;;;;;;;;;;;
PRD00968;Toys;ActiveVibe;30;Rp140,000;;;;;;;;;;;;;;;;;;;;;
PRD00969;Shoes;BohoBeauty;40;Rp230,000;;;;;;;;;;;;;;;;;;;;;
PRD00970;Clothing;CulinaryCreations;70;Rp90,000;;;;;;;;;;;;;;;;;;;;;
PRD00971;Souvenir;DivineDelights;50;Rp250,000;;;;;;;;;;;;;;;;;;;;;
PRD00972;Toys;WanderlustWardrobe;45;Rp190,000;;;;;;;;;;;;;;;;;;;;;
PRD00973;Clothing;EarthlyGlow;20;Rp80,000;;;;;;;;;;;;;;;;;;;;;
PRD00974;Clothing;SummerBreeze;30;Rp220,000;;;;;;;;;;;;;;;;;;;;;
PRD00975;Clothing;GourmetGusto;15;Rp60,000;;;;;;;;;;;;;;;;;;;;;
PRD00976;Clothing;SportySneaks;60;Rp230,000;;;;;;;;;;;;;;;;;;;;;
PRD00977;Clothing;TimelessGlam;70;Rp190,000;;;;;;;;;;;;;;;;;;;;;
PRD00978;Food & Beverage;ComfortSole;80;Rp180,000;;;;;;;;;;;;;;;;;;;;;
PRD00979;Food & Beverage;SentimentalKeepsake;20;Rp80,000;;;;;;;;;;;;;;;;;;;;;
PRD00980;Clothing;FlavourFusion;150;Rp1,800,000;;;;;;;;;;;;;;;;;;;;;
PRD00981;Souvenir;NaturalRadiance;55;Rp40,000;;;;;;;;;;;;;;;;;;;;;
PRD00982;Food & Beverage;SavorySatisfy;25;Rp210,000;;;;;;;;;;;;;;;;;;;;;
PRD00983;Cosmetics;FreeSpiritStyle;90;Rp240,000;;;;;;;;;;;;;;;;;;;;;
PRD00984;Clothing;BlushingGoddess;60;Rp100,000;;;;;;;;;;;;;;;;;;;;;
PRD00985;Clothing;JourneyMementos;70;Rp220,000;;;;;;;;;;;;;;;;;;;;;
PRD00986;Souvenir;TantalizingTaste;35;Rp210,000;;;;;;;;;;;;;;;;;;;;;
PRD00987;Cosmetics;EffortlessElegance;40,00;Rp240,000;;;;;;;;;;;;;;;;;;;;;
PRD00988;Food & Beverage;BohemianVibes;100,00;Rp100,000;;;;;;;;;;;;;;;;;;;;;
PRD00989;Food & Beverage;AllSeasonsStyles;80,00;Rp220,000;;;;;;;;;;;;;;;;;;;;;
PRD00990;Clothing;RadiantGlow;70,00;Rp190,000;;;;;;;;;;;;;;;;;;;;;
PRD00991;Toys;PlayTimeParadise;50,00;Rp280,000;;;;;;;;;;;;;;;;;;;;;
PRD00992;Clothing;Wanderer'sWardrobe;120,00;Rp90,000;;;;;;;;;;;;;;;;;;;;;
PRD00993;Toys;DapperDelight;60,00;Rp180,000;;;;;;;;;;;;;;;;;;;;;
PRD00994;Food & Beverage;FreshFusions;40,00;Rp250,000;;;;;;;;;;;;;;;;;;;;;
PRD00995;Clothing;AthleisureAesthetics;90,00;Rp190,000;;;;;;;;;;;;;;;;;;;;;
PRD00996;Clothing;TimelessElegance;70,00;Rp280,000;;;;;;;;;;;;;;;;;;;;;
PRD00997;Clothing;EnchantedBeauty;110,00;Rp220,000;;;;;;;;;;;;;;;;;;;;;
PRD00998;Cosmetics;StepUpStyle;35,00;Rp100,000;;;;;;;;;;;;;;;;;;;;;
PRD00999;Shoes;UrbanExplorer;45,00;Rp190,000;;;;;;;;;;;;;;;;;;;;;
PRD01000;Clothing;SustainableStyle;80,00;Rp200,000;;;;;;;;;;;;;;;;;;;;;
